0,1,2,3,4,5,6,7,8,9,10,11,12,13,14,15,16,17,18,19,20,21,22,23,24,25
2015-10-28,SG,PHX,vs,DAL,-16,21.33,6,7,85.71,1,2,50.0,1,3,33.33,0,3,3,0,1,0,0,2,14,4
2015-10-30,SG,PHX,vs,POR,18,2.4,0,1,0.0,0,0,0.0,0,0,0.0,0,0,0,0,0,0,1,1,0,-1
2015-11-04,SG,PHX,vs,SAC,21,6.07,2,3,66.67,1,1,100.0,0,0,0.0,0,0,0,0,1,1,1,0,5,-3
2015-11-08,SG,PHX,@,OKC,-21,9.8,0,3,0.0,0,0,0.0,0,0,0.0,0,0,0,1,0,0,0,3,0,-5
2015-11-12,SG,PHX,vs,LAC,14,1.12,0,0,0.0,0,0,0.0,0,0,0.0,0,0,0,1,0,0,0,0,0,-1
2015-11-14,SG,PHX,vs,DEN,24,14.95,2,8,25.0,2,3,66.67,0,0,0.0,0,2,2,0,0,0,2,0,6,1
2015-11-16,SG,PHX,vs,LAL,19,2.07,1,1,100.0,1,1,100.0,0,0,0.0,0,0,0,0,0,0,0,0,3,1
2015-11-18,SG,PHX,vs,CHI,-6,15.15,2,3,66.67,2,2,100.0,0,0,0.0,0,1,1,0,0,2,0,2,6,9
2015-11-20,SG,PHX,@,DEN,7,9.62,0,0,0.0,0,0,0.0,0,0,0.0,0,1,1,1,0,0,1,2,0,18
2015-11-22,SG,PHX,@,NOP,-6,16.42,5,8,62.5,1,1,100.0,4,4,100.0,0,2,2,0,1,0,0,1,15,-3
2015-11-23,SG,PHX,@,SAS,-14,24.43,2,5,40.0,0,2,0.0,0,0,0.0,1,3,4,1,1,0,1,1,4,-8
2015-11-25,SG,PHX,vs,NOP,-6,9.2,2,3,66.67,1,2,50.0,0,0,0.0,0,3,3,1,1,0,0,1,5,5
2015-11-27,SG,PHX,vs,GSW,-19,24.72,2,5,40.0,0,1,0.0,2,4,50.0,0,0,0,0,1,0,1,3,6,-2
2015-12-01,SG,PHX,@,BKN,-3,7.63,0,2,0.0,0,0,0.0,0,0,0.0,0,0,0,0,0,0,1,0,0,-5
2015-12-02,SG,PHX,@,DET,-5,22.83,5,6,83.33,3,3,100.0,5,5,100.0,0,1,1,1,0,0,0,5,18,4
2015-12-04,SG,PHX,@,WAS,-3,16.05,4,6,66.67,0,0,0.0,0,0,0.0,0,1,1,0,1,0,1,1,8,-6
2015-12-06,SG,PHX,@,MEM,-2,15.37,2,6,33.33,1,1,100.0,0,0,0.0,0,2,2,1,0,0,0,2,5,-2
2015-12-07,SG,PHX,@,CHI,2,32.92,6,10,60.0,2,2,100.0,0,0,0.0,0,3,3,5,1,0,1,1,14,8
2015-12-09,SG,PHX,vs,ORL,3,18.8,1,2,50.0,0,0,0.0,0,0,0.0,0,0,0,1,0,0,0,3,2,-10
2015-12-11,SG,PHX,vs,POR,-10,22.12,3,4,75.0,2,2,100.0,0,0,0.0,0,1,1,1,0,1,0,1,8,1
2015-12-13,SG,PHX,vs,MIN,7,14.4,1,5,20.0,0,1,0.0,2,2,100.0,1,0,1,1,0,0,1,3,4,1
2015-12-14,SG,PHX,@,DAL,-10,4.78,0,1,0.0,0,0,0.0,0,0,0.0,0,1,1,1,0,0,1,0,0,0
2015-12-16,SG,PHX,@,GSW,-25,10.03,0,4,0.0,0,3,0.0,0,0,0.0,0,0,0,2,0,0,2,2,0,-19
2015-12-20,SG,PHX,vs,MIL,-6,18.02,1,5,20.0,0,3,0.0,5,5,100.0,0,2,2,2,3,0,1,1,7,-1
2015-12-21,SG,PHX,@,UTA,-21,12.58,2,4,50.0,0,0,0.0,2,2,100.0,0,0,0,0,0,0,1,2,6,-20
2015-12-26,SG,PHX,vs,PHI,-7,19.77,6,11,54.55,3,4,75.0,4,7,57.14,1,0,1,0,0,0,0,4,19,13
2015-12-28,SG,PHX,vs,CLE,-4,29.02,5,6,83.33,0,1,0.0,0,0,0.0,1,2,3,3,0,0,3,2,10,-7
2015-12-30,SG,PHX,@,SAS,-33,23.92,4,10,40.0,0,1,0.0,1,2,50.0,0,3,3,0,0,0,2,2,9,-9
2015-12-31,SG,PHX,@,OKC,-4,39.02,4,11,36.36,0,1,0.0,4,4,100.0,1,2,3,5,0,0,5,3,12,-1
2016-01-02,SG,PHX,@,SAC,-23,41.7,6,10,60.0,2,5,40.0,7,8,87.5,0,1,1,3,4,0,1,2,21,-14
2016-01-03,SG,PHX,@,LAL,-20,22.12,5,13,38.46,0,3,0.0,0,1,0.0,0,4,4,1,1,0,2,3,10,-30
2016-01-06,SG,PHX,vs,CHA,9,31.9,7,13,53.85,3,5,60.0,0,0,0.0,1,9,10,2,1,0,1,2,17,10
2016-01-08,SG,PHX,vs,MIA,-8,37.33,6,17,35.29,1,7,14.29,3,4,75.0,2,4,6,2,1,0,2,5,16,-2
2016-01-12,SG,PHX,@,IND,-19,29.05,8,12,66.67,1,2,50.0,2,3,66.67,1,1,2,2,0,1,4,5,19,-10
2016-01-15,SG,PHX,@,BOS,-14,24.45,2,9,22.22,0,4,0.0,5,6,83.33,1,4,5,0,0,0,3,3,9,4
2016-01-17,SG,PHX,@,MIN,-30,27.38,4,8,50.0,0,0,0.0,3,4,75.0,0,0,0,0,0,0,0,4,11,-15
2016-01-19,SG,PHX,vs,IND,-3,39.52,9,16,56.25,6,11,54.55,8,8,100.0,0,0,0,2,0,0,4,3,32,-9
2016-01-21,SG,PHX,vs,SAS,-28,43.52,8,16,50.0,2,6,33.33,6,7,85.71,0,1,1,5,0,0,1,4,24,-23
2016-01-23,SG,PHX,vs,ATL,3,35.98,6,19,31.58,3,9,33.33,0,0,0.0,0,2,2,1,2,0,3,6,15,13
2016-01-26,SG,PHX,@,PHI,-10,36.25,5,15,33.33,1,3,33.33,1,2,50.0,0,4,4,7,0,0,0,5,12,-6
2016-01-27,SG,PHX,@,CLE,-22,33.52,4,9,44.44,1,4,25.0,7,8,87.5,2,1,3,5,0,0,2,4,16,-25
2016-01-29,SG,PHX,@,NYK,-18,26.58,8,15,53.33,3,6,50.0,2,3,66.67,0,0,0,3,0,0,1,5,21,-16
2016-01-31,SG,PHX,@,DAL,-13,41.22,6,15,40.0,2,6,33.33,5,5,100.0,0,7,7,4,0,1,4,6,19,-6
2016-02-02,SG,PHX,vs,TOR,-7,37.48,9,19,47.37,6,14,42.86,3,4,75.0,0,5,5,0,2,0,4,4,27,3
2016-02-04,SG,PHX,vs,HOU,-6,41.03,3,12,25.0,2,5,40.0,9,10,90.0,0,3,3,4,1,0,5,2,17,-5
2016-02-06,SG,PHX,vs,UTA,-9,33.87,6,14,42.86,2,5,40.0,4,4,100.0,0,3,3,1,1,0,1,5,18,-12
2016-02-08,SG,PHX,vs,OKC,-16,28.9,1,8,12.5,0,3,0.0,4,4,100.0,0,3,3,4,0,1,3,6,6,-10
2016-02-10,SG,PHX,vs,GSW,-8,41.58,5,11,45.45,1,4,25.0,4,6,66.67,0,7,7,10,2,0,7,2,15,-7
2016-02-19,SG,PHX,vs,HOU,-16,30.9,3,11,27.27,2,7,28.57,2,2,100.0,1,0,1,1,1,0,1,1,10,-37
2016-02-21,SG,PHX,vs,SAS,-7,24.02,3,9,33.33,1,2,50.0,3,3,100.0,1,3,4,6,0,0,1,4,10,-1
2016-02-22,SG,PHX,@,LAC,-40,25.7,2,10,20.0,1,3,33.33,0,0,0.0,0,1,1,2,0,0,1,6,5,-34
2016-02-25,SG,PHX,vs,BKN,-10,30.12,3,12,25.0,1,3,33.33,5,6,83.33,0,1,1,2,0,0,0,4,12,-18
2016-02-27,SG,PHX,vs,MEM,5,37.83,6,16,37.5,2,9,22.22,1,2,50.0,2,2,4,2,0,0,2,6,15,17
2016-03-01,SG,PHX,@,CHA,-34,34.47,4,16,25.0,1,4,25.0,4,5,80.0,1,1,2,1,1,0,2,3,13,-39
2016-03-03,SG,PHX,@,MIA,-16,39.38,11,21,52.38,3,7,42.86,9,9,100.0,0,3,3,4,0,0,4,4,34,-8
2016-03-04,SG,PHX,@,ORL,18,32.95,4,11,36.36,0,0,0.0,6,8,75.0,1,3,4,6,0,1,2,2,14,17
2016-03-06,SG,PHX,@,MEM,9,42.82,8,17,47.06,4,11,36.36,7,7,100.0,0,2,2,9,1,1,3,2,27,9
2016-03-09,SG,PHX,vs,NYK,-31,38.93,14,28,50.0,3,8,37.5,1,2,50.0,1,2,3,1,0,0,3,2,32,-25
2016-03-10,SG,PHX,@,DEN,-18,44.08,12,24,50.0,1,5,20.0,10,11,90.91,0,3,3,5,1,1,5,3,35,-16
2016-03-12,SG,PHX,@,GSW,-7,37.38,7,19,36.84,0,5,0.0,4,5,80.0,0,0,0,11,0,1,0,5,18,-9
2016-03-14,SG,PHX,vs,MIN,3,42.52,6,14,42.86,1,4,25.0,3,3,100.0,0,3,3,6,0,0,6,5,16,16
2016-03-17,SG,PHX,@,UTA,-34,31.63,3,14,21.43,1,5,20.0,0,0,0.0,1,2,3,3,2,0,3,2,7,-41
2016-03-18,SG,PHX,@,LAL,5,35.83,5,18,27.78,1,5,20.0,10,10,100.0,1,4,5,7,1,0,2,4,21,9
2016-03-21,SG,PHX,vs,MEM,-6,32.85,5,13,38.46,2,8,25.0,6,8,75.0,1,3,4,2,0,0,2,5,18,-21
2016-03-23,SG,PHX,vs,LAL,12,41.08,12,22,54.55,1,4,25.0,3,4,75.0,0,3,3,7,1,1,2,4,28,22
2016-03-25,SG,PHX,@,SAC,-22,34.07,11,21,52.38,2,8,25.0,2,4,50.0,0,5,5,4,2,1,9,3,26,-16
2016-03-26,SG,PHX,vs,BOS,-3,33.57,8,20,40.0,1,4,25.0,4,4,100.0,1,3,4,4,1,0,2,4,21,9
2016-03-28,SG,PHX,@,MIN,-5,43.27,10,22,45.45,2,4,50.0,8,9,88.89,0,3,3,5,0,1,4,4,30,-4
2016-03-30,SG,PHX,@,MIL,-11,38.05,8,16,50.0,2,6,33.33,0,0,0.0,1,3,4,4,0,0,7,3,18,-18
2016-04-01,SG,PHX,vs,WAS,-7,34.65,6,22,27.27,1,5,20.0,1,2,50.0,1,3,4,0,0,1,3,3,14,-5
2016-04-03,SG,PHX,vs,UTA,-15,40.62,5,15,33.33,2,5,40.0,2,2,100.0,0,2,2,7,2,1,4,3,14,-11
2016-04-05,SG,PHX,@,ATL,-13,38.67,12,25,48.0,4,9,44.44,6,10,60.0,0,5,5,2,2,0,2,4,34,-9
2016-04-07,SG,PHX,@,HOU,9,37.85,4,15,26.67,1,6,16.67,6,6,100.0,0,0,0,4,1,1,5,4,15,3
2016-04-09,SG,PHX,@,NOP,21,26.93,7,11,63.64,1,3,33.33,1,1,100.0,1,3,4,5,0,1,2,4,16,17
2016-04-11,SG,PHX,vs,SAC,-4,32.9,8,20,40.0,0,5,0.0,6,6,100.0,1,3,4,4,1,1,4,5,22,4
2016-04-13,SG,PHX,vs,LAC,9,26.7,4,14,28.57,2,5,40.0,2,2,100.0,0,2,2,2,1,1,5,2,12,13
2016-10-26,SG,PHX,vs,SAC,-19,24.55,8,12,66.67,0,3,0.0,2,5,40.0,0,2,2,3,0,0,4,5,18,-5
2016-10-28,SG,PHX,@,OKC,-3,43.88,8,25,32.0,2,8,25.0,3,5,60.0,2,4,6,1,0,0,1,3,21,-1
2016-10-30,SG,PHX,vs,GSW,-6,28.32,3,12,25.0,1,4,25.0,0,0,0.0,0,0,0,2,0,1,2,0,7,-10
2016-11-02,SG,PHX,vs,POR,3,38.52,6,15,40.0,1,2,50.0,2,4,50.0,0,3,3,2,2,0,2,3,15,8
2016-11-04,SG,PHX,@,NOP,1,41.47,13,22,59.09,3,7,42.86,9,9,100.0,0,4,4,3,0,0,6,6,38,2
2016-11-06,SG,PHX,@,LAL,-11,45.25,13,29,44.83,3,7,42.86,10,10,100.0,1,2,3,7,0,0,2,3,39,-4
2016-11-08,SG,PHX,@,POR,-3,31.17,8,18,44.44,2,6,33.33,5,5,100.0,0,0,0,0,1,0,2,3,23,-9
2016-11-09,SG,PHX,vs,DET,7,33.48,3,9,33.33,1,5,20.0,4,5,80.0,0,2,2,4,1,2,3,2,11,10
2016-11-12,SG,PHX,vs,BKN,-18,32.02,5,18,27.78,0,4,0.0,1,1,100.0,1,5,6,3,1,0,0,2,11,-12
2016-11-13,SG,PHX,@,GSW,-13,32.25,6,18,33.33,1,5,20.0,6,6,100.0,1,3,4,3,2,1,1,1,19,-18
2016-11-16,SG,PHX,@,DEN,-16,37.47,10,18,55.56,2,3,66.67,2,3,66.67,1,3,4,2,1,0,4,4,24,-16
2016-11-18,SG,PHX,@,IND,20,22.85,4,11,36.36,1,5,20.0,4,4,100.0,0,1,1,3,1,0,1,3,13,11
2016-11-19,SG,PHX,@,PHI,-15,17.63,4,13,30.77,0,2,0.0,2,3,66.67,0,1,1,0,2,0,5,0,10,-18
2016-11-21,SG,PHX,@,WAS,-5,36.97,12,26,46.15,6,9,66.67,0,0,0.0,1,1,2,2,0,0,2,4,30,-17
2016-11-23,SG,PHX,@,ORL,5,33.95,4,10,40.0,1,3,33.33,2,2,100.0,0,3,3,1,2,1,1,4,11,3
2016-11-25,SG,PHX,vs,MIN,-13,33.05,4,10,40.0,1,3,33.33,2,2,100.0,0,2,2,2,2,1,4,3,11,-12
2016-11-27,SG,PHX,vs,DEN,-6,35.72,11,27,40.74,4,10,40.0,4,5,80.0,0,3,3,4,1,0,1,5,30,14
2016-11-30,SG,PHX,vs,ATL,2,32.53,5,13,38.46,1,2,50.0,2,6,33.33,0,1,1,4,1,0,1,2,13,2
2016-12-03,SG,PHX,@,GSW,-29,32.6,8,17,47.06,1,5,20.0,4,5,80.0,1,0,1,5,0,0,2,4,21,-5
2016-12-06,SG,PHX,@,UTA,-7,26.13,9,13,69.23,1,3,33.33,2,3,66.67,0,2,2,1,1,0,4,1,21,-26
2016-12-07,SG,PHX,vs,IND,-15,30.65,4,13,30.77,2,6,33.33,3,4,75.0,1,2,3,5,1,0,4,5,13,-3
2016-12-09,SG,PHX,@,LAL,4,28.15,6,17,35.29,1,6,16.67,2,2,100.0,1,2,3,4,0,0,2,6,15,12
2016-12-11,SG,PHX,vs,NOP,-1,38.18,6,15,40.0,2,8,25.0,2,3,66.67,0,5,5,5,1,0,4,1,16,7
2016-12-13,SG,PHX,vs,NYK,2,35.75,3,16,18.75,1,5,20.0,5,5,100.0,0,1,1,0,0,1,1,2,12,7
2016-12-15,SG,PHX,vs,SAS,-15,36.13,6,19,31.58,2,6,33.33,3,4,75.0,1,3,4,5,2,0,4,4,17,-18
2016-12-17,SG,PHX,@,OKC,-13,33.37,11,22,50.0,3,5,60.0,6,7,85.71,1,2,3,5,1,0,6,3,31,-13
2016-12-19,SG,PHX,@,MIN,-7,28.55,6,15,40.0,1,5,20.0,5,6,83.33,1,1,2,3,0,1,2,2,18,-3
2016-12-21,SG,PHX,vs,HOU,-14,35.87,11,25,44.0,2,4,50.0,4,5,80.0,2,4,6,7,0,0,1,3,28,-5
2016-12-23,SG,PHX,vs,PHI,7,38.27,8,18,44.44,4,9,44.44,3,3,100.0,0,6,6,6,2,0,4,3,23,12
2016-12-26,SG,PHX,@,HOU,-16,27.53,6,18,33.33,1,5,20.0,3,3,100.0,1,1,2,4,1,0,1,6,16,-17
2016-12-28,SG,PHX,@,SAS,-21,28.95,2,13,15.38,0,2,0.0,4,4,100.0,0,3,3,4,2,0,3,4,8,-15
2016-12-29,SG,PHX,vs,TOR,8,37.92,6,19,31.58,1,4,25.0,6,7,85.71,0,5,5,5,1,0,1,3,19,12
2016-12-31,SG,PHX,@,UTA,-5,35.53,9,19,47.37,1,3,33.33,1,1,100.0,0,3,3,1,3,0,1,2,20,-6
2017-01-02,SG,PHX,@,LAC,-11,33.17,4,15,26.67,1,5,20.0,4,6,66.67,0,1,1,2,2,0,3,5,13,5
2017-01-03,SG,PHX,vs,MIA,9,35.2,9,19,47.37,3,6,50.0,6,7,85.71,1,1,2,4,1,0,6,3,27,9
2017-01-05,SG,PHX,@,DAL,7,35.83,9,17,52.94,3,3,100.0,1,1,100.0,0,2,2,0,0,1,4,2,22,5
2017-01-08,SG,PHX,vs,CLE,-4,45.1,12,24,50.0,2,7,28.57,2,4,50.0,3,2,5,4,2,0,2,2,28,2
2017-01-12,SG,PHX,vs,DAL,-5,37.22,14,20,70.0,6,7,85.71,5,7,71.43,0,1,1,3,1,0,7,4,39,-3
2017-01-14,SG,PHX,vs,SAS,3,37.05,12,22,54.55,3,5,60.0,12,12,100.0,2,0,2,2,0,0,3,4,39,10
2017-01-16,SG,PHX,vs,UTA,-5,46.03,10,22,45.45,1,5,20.0,4,4,100.0,0,0,0,1,0,0,3,3,25,-4
2017-01-19,SG,PHX,@,CLE,-15,36.98,4,13,30.77,0,4,0.0,13,14,92.86,1,6,7,8,0,0,4,3,21,-8
2017-01-21,SG,PHX,@,NYK,2,37.2,10,21,47.62,3,4,75.0,3,3,100.0,1,0,1,2,1,1,5,4,26,-1
2017-01-22,SG,PHX,@,TOR,12,37.48,6,14,42.86,5,8,62.5,3,4,75.0,0,4,4,2,2,0,2,5,20,12
2017-01-24,SG,PHX,vs,MIN,-1,43.28,9,23,39.13,4,7,57.14,4,4,100.0,0,2,2,4,0,0,4,3,26,-2
2017-01-26,SG,PHX,@,DEN,-7,33.17,9,17,52.94,1,6,16.67,5,6,83.33,0,0,0,6,1,0,5,2,24,-19
2017-01-28,SG,PHX,vs,DEN,-11,34.87,8,16,50.0,0,2,0.0,7,11,63.64,1,3,4,2,1,1,3,5,23,19
2017-01-30,SG,PHX,vs,MEM,-19,38.52,6,20,30.0,0,3,0.0,10,12,83.33,2,4,6,2,1,0,3,1,22,-11
2017-02-01,SG,PHX,vs,LAC,-10,34.78,7,19,36.84,1,3,33.33,5,5,100.0,2,2,4,6,0,1,1,3,20,-10
2017-02-03,SG,PHX,@,SAC,2,40.85,11,24,45.83,4,8,50.0,7,10,70.0,0,2,2,2,2,1,1,4,33,7
2017-02-04,SG,PHX,vs,MIL,-25,37.7,9,19,47.37,5,8,62.5,8,8,100.0,1,2,3,4,0,0,5,5,31,-16
2017-02-06,SG,PHX,@,NOP,-5,36.88,5,20,25.0,1,8,12.5,3,4,75.0,0,2,2,5,1,2,3,4,14,-7
2017-02-08,SG,PHX,@,MEM,-19,31.63,6,13,46.15,0,3,0.0,8,10,80.0,0,1,1,3,0,0,3,3,20,-22
2017-02-10,SG,PHX,vs,CHI,18,32.98,10,19,52.63,2,4,50.0,5,6,83.33,3,2,5,4,0,0,1,1,27,19
2017-02-11,SG,PHX,@,HOU,-31,26.02,6,18,33.33,1,3,33.33,5,6,83.33,0,1,1,2,1,0,3,3,18,-29
2017-02-13,SG,PHX,vs,NOP,-2,36.23,9,19,47.37,2,6,33.33,1,1,100.0,0,1,1,3,1,1,5,4,21,2
2017-02-15,SG,PHX,vs,LAL,36,29.9,9,14,64.29,4,7,57.14,1,2,50.0,1,3,4,1,0,1,3,3,23,29
2017-02-24,SG,PHX,@,CHI,-7,40.68,10,21,47.62,2,4,50.0,5,8,62.5,0,3,3,2,2,0,4,4,27,-11
2017-02-26,SG,PHX,@,MIL,-4,34.82,5,11,45.45,2,3,66.67,3,4,75.0,0,4,4,3,1,0,3,3,15,6
2017-02-28,SG,PHX,@,MEM,-18,35.52,3,11,27.27,2,5,40.0,1,1,100.0,0,3,3,1,0,1,2,2,9,-11
2017-03-02,SG,PHX,vs,CHA,17,30.15,5,12,41.67,1,4,25.0,4,5,80.0,0,6,6,9,0,0,5,3,15,7
2017-03-03,SG,PHX,vs,OKC,7,33.48,5,13,38.46,2,7,28.57,5,6,83.33,0,7,7,3,0,1,6,2,17,-2
2017-03-05,SG,PHX,vs,BOS,3,27.38,5,10,50.0,1,3,33.33,5,6,83.33,0,5,5,0,1,0,1,5,16,8
2017-03-07,SG,PHX,vs,WAS,-4,37.6,8,18,44.44,4,7,57.14,5,6,83.33,1,3,4,6,0,0,6,2,25,5
2017-03-09,SG,PHX,vs,LAL,-12,38.07,10,21,47.62,1,4,25.0,2,2,100.0,1,5,6,3,0,0,3,2,23,-3
2017-03-11,SG,PHX,@,DAL,2,34.5,12,20,60.0,2,5,40.0,10,10,100.0,1,4,5,2,0,0,1,2,36,15
2017-03-12,SG,PHX,vs,POR,-9,40.5,13,26,50.0,0,0,0.0,2,4,50.0,1,4,5,3,1,0,3,1,28,-17
2017-03-15,SG,PHX,vs,SAC,-6,39.6,6,26,23.08,3,9,33.33,4,4,100.0,1,2,3,2,0,0,1,2,19,-7
2017-03-17,SG,PHX,vs,ORL,-6,30.33,3,13,23.08,0,2,0.0,4,4,100.0,0,4,4,3,2,0,3,2,10,6
2017-03-21,SG,PHX,@,MIA,-15,34.13,4,16,25.0,0,4,0.0,3,4,75.0,2,2,4,5,1,0,7,3,11,-29
2017-03-23,SG,PHX,@,BKN,-28,39.98,9,26,34.62,3,9,33.33,7,8,87.5,0,2,2,0,3,0,3,6,28,-21
2017-03-24,SG,PHX,@,BOS,-10,44.97,21,40,52.5,4,11,36.36,24,26,92.31,2,6,8,6,3,1,5,3,70,-6
2017-03-26,SG,PHX,@,CHA,-14,35.08,7,17,41.18,2,5,40.0,7,7,100.0,1,3,4,5,0,1,4,3,23,-32
2017-03-30,SG,PHX,vs,LAC,-6,37.3,13,22,59.09,4,7,57.14,3,6,50.0,0,2,2,9,1,0,3,6,33,-2
2017-04-01,SG,PHX,@,POR,-13,42.08,10,25,40.0,0,4,0.0,11,14,78.57,1,2,3,7,3,0,7,2,31,-6
2017-04-02,SG,PHX,vs,HOU,-7,39.48,7,22,31.82,1,6,16.67,12,12,100.0,0,5,5,9,1,0,8,4,27,-3
2017-04-05,SG,PHX,vs,GSW,-9,41.73,7,24,29.17,2,7,28.57,5,7,71.43,1,2,3,5,3,0,2,3,21,-10
2017-04-07,SG,PHX,vs,OKC,21,37.67,13,29,44.83,5,9,55.56,6,8,75.0,0,5,5,4,1,0,1,3,37,20
2017-04-09,SG,PHX,vs,DAL,13,22.73,8,15,53.33,1,4,25.0,4,5,80.0,0,2,2,3,0,0,2,1,21,13
2017-10-18,SG,PHX,vs,POR,-48,27.07,6,17,35.29,0,3,0.0,0,0,0.0,2,3,5,2,2,1,0,2,12,-29
2017-10-20,SG,PHX,vs,LAL,-2,39.73,9,19,47.37,4,8,50.0,3,5,60.0,0,11,11,8,2,0,6,2,25,-10
2017-10-21,SG,PHX,@,LAC,-42,31.78,5,14,35.71,0,4,0.0,3,4,75.0,1,3,4,2,0,0,2,1,13,-21
2017-10-23,SG,PHX,vs,SAC,2,28.82,8,16,50.0,2,7,28.57,4,4,100.0,0,4,4,5,1,0,2,3,22,8
2017-10-25,SG,PHX,vs,UTA,9,32.93,7,19,36.84,2,4,50.0,1,1,100.0,3,4,7,3,1,1,4,3,17,5
2017-10-28,SG,PHX,@,POR,-7,34.33,11,19,57.89,4,7,57.14,8,9,88.89,0,6,6,6,0,0,4,3,34,5
2017-10-31,SG,PHX,@,BKN,8,35.47,11,22,50.0,5,8,62.5,5,5,100.0,0,7,7,4,0,0,4,3,32,3
2017-11-01,SG,PHX,@,WAS,6,33.75,7,15,46.67,3,7,42.86,5,5,100.0,0,1,1,5,1,0,0,2,22,-3
2017-11-03,SG,PHX,@,NYK,-13,33.35,10,19,52.63,2,7,28.57,12,12,100.0,0,2,2,1,2,0,3,5,34,-2
2017-11-05,SG,PHX,@,SAS,-17,26.22,3,11,27.27,1,5,20.0,2,2,100.0,0,3,3,2,0,0,4,1,9,-27
2017-11-06,SG,PHX,vs,BKN,-6,34.73,6,15,40.0,1,4,25.0,5,5,100.0,1,1,2,1,2,0,4,6,18,3
2017-11-08,SG,PHX,vs,MIA,-11,37.28,9,23,39.13,1,6,16.67,11,13,84.62,0,3,3,6,1,0,0,3,30,-10
2017-11-10,SG,PHX,vs,ORL,-16,33.65,3,10,30.0,0,3,0.0,3,3,100.0,0,4,4,5,1,0,2,3,9,-7
2017-11-11,SG,PHX,vs,MIN,8,38.65,13,22,59.09,5,9,55.56,4,5,80.0,0,9,9,6,1,0,4,5,35,16
2017-11-13,SG,PHX,vs,LAL,-7,37.7,14,27,51.85,4,9,44.44,4,6,66.67,1,2,3,3,0,0,3,4,36,10
2017-11-16,SG,PHX,vs,HOU,-26,30.3,7,16,43.75,2,5,40.0,2,4,50.0,0,2,2,10,0,0,5,4,18,-23
2017-11-17,SG,PHX,@,LAL,9,33.17,13,27,48.15,6,14,42.86,1,3,33.33,0,3,3,4,0,0,4,4,33,6
2017-11-19,SG,PHX,vs,CHI,8,32.02,5,15,33.33,2,8,25.0,3,3,100.0,0,1,1,6,2,0,2,1,15,-3
2017-11-22,SG,PHX,vs,MIL,-6,39.63,8,24,33.33,2,6,33.33,5,5,100.0,2,2,4,4,0,3,3,5,23,-9
2017-11-24,SG,PHX,vs,NOP,-24,32.8,4,13,30.77,0,5,0.0,5,5,100.0,0,3,3,1,1,0,6,1,13,-17
2017-11-28,SG,PHX,@,CHI,5,33.17,10,23,43.48,5,9,55.56,8,10,80.0,0,8,8,4,1,1,3,0,33,-5
2017-11-29,SG,PHX,@,DET,-24,27.2,7,8,87.5,2,3,66.67,6,6,100.0,0,4,4,0,1,0,7,3,22,-19
2017-12-02,SG,PHX,@,BOS,-5,39.23,16,29,55.17,3,8,37.5,3,3,100.0,1,3,4,5,0,0,3,6,38,-2
2017-12-04,SG,PHX,@,PHI,14,38.88,17,32,53.12,5,8,62.5,7,8,87.5,3,5,8,1,2,1,3,1,46,10
2017-12-05,SG,PHX,@,TOR,-13,39.27,4,15,26.67,1,5,20.0,10,12,83.33,0,5,5,8,2,1,1,4,19,2
2017-12-26,SG,PHX,vs,MEM,2,33.97,9,21,42.86,3,9,33.33,11,12,91.67,0,5,5,6,1,0,5,6,32,10
2017-12-29,SG,PHX,@,SAC,10,31.85,9,25,36.0,3,9,33.33,5,7,71.43,0,3,3,3,1,0,1,4,26,5
2017-12-31,SG,PHX,vs,PHI,-13,39.42,8,22,36.36,5,10,50.0,11,12,91.67,0,5,5,6,0,0,6,4,32,-1
2018-01-02,SG,PHX,vs,ATL,1,41.78,9,17,52.94,2,3,66.67,14,15,93.33,0,5,5,7,3,0,8,1,34,10
2018-01-03,SG,PHX,@,DEN,-23,29.67,4,13,30.77,2,7,28.57,7,8,87.5,0,2,2,5,0,0,2,3,17,-20
2018-01-05,SG,PHX,@,SAS,-14,34.68,8,17,47.06,3,6,50.0,2,2,100.0,0,5,5,4,1,0,6,4,21,-16
2018-01-07,SG,PHX,vs,OKC,14,30.53,6,17,35.29,5,10,50.0,9,12,75.0,0,2,2,4,0,0,4,4,26,-1
2018-01-12,SG,PHX,vs,HOU,-17,37.2,9,18,50.0,3,8,37.5,6,6,100.0,0,6,6,9,2,0,9,2,27,-18
2018-01-14,SG,PHX,vs,IND,-23,33.02,5,16,31.25,1,6,16.67,4,4,100.0,0,5,5,7,0,0,2,4,15,-18
2018-01-16,SG,PHX,@,POR,-7,41.08,14,29,48.28,5,12,41.67,10,10,100.0,0,6,6,8,2,1,4,1,43,-6
2018-01-19,SG,PHX,@,DEN,8,34.67,11,23,47.83,4,11,36.36,4,4,100.0,0,5,5,5,1,1,3,2,30,7
2018-01-22,SG,PHX,@,MIL,-4,36.12,2,14,14.29,1,6,16.67,9,9,100.0,0,4,4,8,3,0,5,4,14,-7
2018-01-24,SG,PHX,@,IND,-15,25.97,5,16,31.25,0,4,0.0,9,9,100.0,2,4,6,4,0,0,3,1,19,-33
2018-01-26,SG,PHX,vs,NYK,-22,25.17,4,12,33.33,2,3,66.67,2,2,100.0,1,3,4,3,1,0,3,2,12,-24
2018-01-28,SG,PHX,@,HOU,-11,41.1,12,23,52.17,5,9,55.56,2,2,100.0,0,3,3,10,0,0,3,3,31,-11
2018-01-31,SG,PHX,vs,DAL,14,32.38,5,14,35.71,2,7,28.57,3,3,100.0,0,2,2,4,2,0,5,4,15,7
2018-02-02,SG,PHX,vs,UTA,-32,32.45,7,24,29.17,0,7,0.0,4,4,100.0,2,2,4,6,0,1,3,4,18,-30
2018-02-04,SG,PHX,vs,CHA,-5,31.25,7,14,50.0,4,5,80.0,0,0,0.0,0,5,5,9,0,0,3,3,18,1
2018-02-14,SG,PHX,@,UTA,-10,36.33,8,20,40.0,6,14,42.86,6,9,66.67,0,5,5,3,0,0,2,2,28,-10
2018-02-23,SG,PHX,vs,LAC,-11,37.43,7,20,35.0,2,9,22.22,11,13,84.62,1,0,1,4,0,0,4,3,27,-3
2018-02-24,SG,PHX,vs,POR,-2,39.33,11,28,39.29,5,10,50.0,3,3,100.0,2,7,9,3,0,2,4,5,30,-11
2018-02-26,SG,PHX,@,NOP,-9,40.68,14,28,50.0,3,10,30.0,9,11,81.82,0,10,10,7,1,0,3,4,40,-3
2018-02-28,SG,PHX,@,MEM,8,39.02,12,29,41.38,1,6,16.67,9,10,90.0,2,4,6,1,3,0,2,4,34,10
2018-03-02,SG,PHX,vs,OKC,-8,38.52,16,28,57.14,6,10,60.0,1,1,100.0,1,5,6,8,0,1,5,2,39,1
2018-03-04,SG,PHX,@,ATL,-1,33.67,8,18,44.44,3,6,50.0,1,3,33.33,0,1,1,3,1,0,5,3,20,0
2018-03-05,SG,PHX,@,MIA,-22,33.3,12,22,54.55,4,9,44.44,3,6,50.0,0,2,2,5,0,0,3,4,31,-17
2018-03-08,SG,PHX,@,OKC,-28,35.33,10,22,45.45,4,9,44.44,6,6,100.0,0,6,6,1,1,0,3,4,30,-19
2018-03-13,SG,PHX,vs,CLE,-22,33.98,7,16,43.75,0,3,0.0,3,3,100.0,1,2,3,6,1,0,5,3,17,-27
2018-03-15,SG,PHX,@,UTA,-28,34.25,3,18,16.67,1,4,25.0,5,5,100.0,0,5,5,2,0,0,4,3,12,-15
2018-10-17,PG,PHX,vs,DAL,21,33.45,12,19,63.16,6,10,60.0,5,6,83.33,0,4,4,7,0,0,3,4,35,22
2018-10-20,PG,PHX,@,DEN,-28,36.45,5,15,33.33,1,6,16.67,14,17,82.35,0,2,2,7,1,0,6,3,25,-24
2018-10-22,PG,PHX,@,GSW,-20,38.45,11,21,52.38,3,9,33.33,3,3,100.0,1,4,5,6,2,0,9,5,28,-5
2018-10-24,PG,PHX,vs,LAL,-18,29.08,8,16,50.0,2,6,33.33,5,7,71.43,0,7,7,7,0,0,4,3,23,-14
2018-11-02,PG,PHX,vs,TOR,-9,35.55,8,20,40.0,2,7,28.57,0,1,0.0,1,3,4,6,1,1,3,1,18,-6
2018-11-04,PG,PHX,vs,MEM,2,34.98,7,17,41.18,2,8,25.0,9,10,90.0,0,0,0,7,0,0,4,5,25,3
2018-11-06,PG,PHX,vs,BKN,-22,36.38,6,21,28.57,2,8,25.0,6,6,100.0,3,5,8,2,1,0,4,4,20,-6
2018-11-08,PG,PHX,vs,BOS,-7,42.65,15,30,50.0,4,13,30.77,4,5,80.0,0,3,3,9,3,0,6,3,38,-2
2018-11-10,PG,PHX,@,NOP,-20,34.53,4,12,33.33,2,5,40.0,2,2,100.0,0,1,1,7,2,0,4,4,12,-10
2018-11-12,PG,PHX,@,OKC,-17,37.02,7,18,38.89,1,4,25.0,4,4,100.0,2,2,4,6,0,0,3,3,19,-32
2018-11-14,PG,PHX,vs,SAS,20,37.17,5,14,35.71,2,6,33.33,1,1,100.0,1,3,4,12,2,0,7,1,13,20
2018-11-17,PG,PHX,vs,OKC,-10,39.23,5,16,31.25,3,8,37.5,3,4,75.0,0,4,4,12,0,0,1,5,16,-10
2018-11-19,PG,PHX,@,PHI,-5,36.45,13,28,46.43,6,15,40.0,5,7,71.43,0,3,3,8,0,0,2,6,37,0
2018-11-21,PG,PHX,@,CHI,-8,33.57,9,20,45.0,1,8,12.5,4,4,100.0,0,2,2,6,3,0,6,5,23,-8
2018-11-23,PG,PHX,@,MIL,2,39.33,13,26,50.0,1,5,20.0,2,2,100.0,0,4,4,7,3,0,3,4,29,14
2018-11-25,PG,PHX,@,DET,-11,37.37,14,24,58.33,3,9,33.33,6,6,100.0,0,4,4,5,0,0,4,2,37,-4
2018-11-27,PG,PHX,vs,IND,-5,36.35,7,21,33.33,3,9,33.33,3,6,50.0,1,3,4,8,3,0,5,3,20,-4
2018-11-28,PG,PHX,@,LAC,-16,35.1,9,21,42.86,1,6,16.67,4,4,100.0,0,4,4,4,1,0,3,3,23,-20
2018-12-02,PG,PHX,@,LAL,-24,17.08,3,8,37.5,0,2,0.0,0,0,0.0,0,1,1,2,0,1,1,2,6,6
2018-12-15,PG,PHX,vs,MIN,8,35.98,10,16,62.5,3,6,50.0,5,6,83.33,0,7,7,7,0,0,2,2,28,2
2018-12-17,PG,PHX,@,NYK,18,37.27,11,23,47.83,2,7,28.57,14,15,93.33,0,7,7,2,2,0,1,5,38,10
2018-12-19,PG,PHX,@,BOS,8,37.23,9,23,39.13,3,8,37.5,4,6,66.67,2,3,5,8,1,2,6,2,25,-4
2018-12-22,PG,PHX,@,WAS,-3,54.6,12,28,42.86,2,12,16.67,7,8,87.5,3,1,4,14,1,1,4,5,33,-1
2018-12-23,PG,PHX,@,BKN,-8,30.05,10,23,43.48,1,4,25.0,4,4,100.0,2,0,2,9,0,0,4,2,25,-4
2018-12-26,PG,PHX,@,ORL,2,39.87,13,24,54.17,5,8,62.5,4,5,80.0,0,7,7,8,2,1,5,3,35,-3
2018-12-28,PG,PHX,vs,OKC,-16,32.92,8,22,36.36,2,5,40.0,7,8,87.5,0,7,7,10,3,0,2,5,25,-6
2018-12-29,PG,PHX,vs,DEN,-4,36.18,11,18,61.11,1,5,20.0,4,4,100.0,0,1,1,8,1,0,3,2,27,-4
2018-12-31,PG,PHX,vs,GSW,-23,32.77,6,15,40.0,2,5,40.0,6,6,100.0,0,2,2,6,1,0,5,4,20,-21
2019-01-02,PG,PHX,vs,PHI,-5,35.35,10,22,45.45,2,7,28.57,15,17,88.24,1,1,2,8,0,0,3,4,37,-12
2019-01-04,PG,PHX,vs,LAC,-10,37.1,8,14,57.14,1,2,50.0,6,11,54.55,2,1,3,4,0,0,4,4,23,-15
2019-01-06,PG,PHX,vs,CHA,-6,12.27,3,7,42.86,1,2,50.0,0,0,0.0,0,0,0,3,0,0,2,1,7,3
2019-01-15,PG,PHX,@,IND,-34,26.55,4,12,33.33,0,4,0.0,0,0,0.0,0,5,5,5,0,0,4,5,8,-31
2019-01-17,PG,PHX,@,TOR,-2,35.18,10,21,47.62,4,9,44.44,6,9,66.67,0,2,2,8,0,0,6,3,30,2
2019-01-19,PG,PHX,@,CHA,-20,37.53,10,23,43.48,2,7,28.57,10,12,83.33,1,1,2,11,0,0,0,0,32,0
2019-01-20,PG,PHX,@,MIN,-2,32.95,7,15,46.67,1,6,16.67,3,4,75.0,0,6,6,6,0,0,5,5,18,-11
2019-01-22,PG,PHX,vs,MIN,-27,24.2,6,11,54.55,0,1,0.0,2,2,100.0,0,3,3,4,1,1,4,3,14,-20
2019-01-24,PG,PHX,vs,POR,-14,30.25,9,20,45.0,2,7,28.57,7,8,87.5,0,1,1,3,1,0,8,2,27,-31
2019-01-25,PG,PHX,@,DEN,-37,30.03,9,19,47.37,2,4,50.0,15,16,93.75,0,4,4,2,0,0,4,2,35,-20
2019-01-27,PG,PHX,@,LAL,-14,36.3,9,18,50.0,0,1,0.0,3,3,100.0,1,1,2,6,0,0,3,3,21,-11
2019-01-29,PG,PHX,@,SAS,-2,40.28,14,19,73.68,3,6,50.0,7,7,100.0,0,5,5,7,2,0,6,1,38,0
2019-02-02,PG,PHX,vs,ATL,-6,42.73,13,27,48.15,4,10,40.0,2,3,66.67,1,7,8,10,1,0,4,2,32,5
2019-02-04,PG,PHX,vs,HOU,-8,32.63,7,12,58.33,0,2,0.0,5,7,71.43,2,5,7,5,0,0,0,4,19,-21
2019-02-10,PG,PHX,@,SAC,-13,35.37,9,19,47.37,3,5,60.0,6,7,85.71,1,7,8,6,0,0,5,5,27,-15
2019-02-13,PG,PHX,@,LAC,-27,32.8,2,10,20.0,0,3,0.0,6,6,100.0,1,5,6,5,1,1,3,3,10,-15
2019-02-21,PG,PHX,@,CLE,-13,37.95,10,20,50.0,3,9,33.33,7,9,77.78,0,1,1,7,1,0,9,4,30,-12
2019-02-23,PG,PHX,@,ATL,-8,36.1,8,23,34.78,2,6,33.33,8,8,100.0,0,7,7,8,0,1,2,3,26,-14
2019-02-25,PG,PHX,@,MIA,3,32.8,6,16,37.5,3,9,33.33,5,5,100.0,1,3,4,9,0,0,4,5,20,3
2019-03-01,PG,PHX,vs,NOP,-14,33.55,6,17,35.29,1,5,20.0,13,14,92.86,2,4,6,7,1,0,6,2,26,-12
2019-03-02,PG,PHX,vs,LAL,9,39.77,8,18,44.44,0,5,0.0,9,9,100.0,0,4,4,4,1,0,4,2,25,13
2019-03-04,PG,PHX,vs,MIL,9,39.22,8,18,44.44,2,4,50.0,4,4,100.0,1,4,5,7,1,0,4,3,22,14
2019-03-06,PG,PHX,vs,NYK,11,33.93,14,23,60.87,6,10,60.0,7,7,100.0,1,4,5,4,2,1,5,4,41,17
2019-03-09,PG,PHX,@,POR,-7,30.58,7,19,36.84,1,4,25.0,8,8,100.0,0,2,2,5,2,0,4,3,23,-6
2019-03-10,PG,PHX,@,GSW,4,40.6,13,23,56.52,2,6,33.33,9,9,100.0,1,7,8,11,2,0,5,3,37,12
2019-03-13,PG,PHX,vs,UTA,-17,35.6,9,20,45.0,2,4,50.0,7,9,77.78,0,4,4,6,0,1,4,2,27,-8
2019-03-15,PG,PHX,@,HOU,-6,37.15,9,22,40.91,1,7,14.29,10,11,90.91,1,4,5,7,0,0,5,1,29,-1
2019-03-16,PG,PHX,@,NOP,2,41.15,12,26,46.15,3,8,37.5,13,18,72.22,1,4,5,13,0,1,7,3,40,3
2019-03-18,PG,PHX,vs,CHI,-15,40.4,9,24,37.5,1,8,12.5,6,10,60.0,1,7,8,7,0,0,3,4,25,-15
2019-03-21,PG,PHX,vs,DET,-20,32.33,8,17,47.06,2,5,40.0,8,10,80.0,0,5,5,2,3,0,5,3,26,-15
2019-03-23,PG,PHX,@,SAC,-9,39.03,10,27,37.04,2,11,18.18,10,10,100.0,0,2,2,10,2,0,3,0,32,-5
2019-03-25,PG,PHX,@,UTA,-33,41.1,19,34,55.88,5,8,62.5,16,17,94.12,1,3,4,4,1,0,6,5,59,-13
2019-03-27,PG,PHX,vs,WAS,-3,36.9,19,29,65.52,3,9,33.33,9,10,90.0,2,8,10,4,1,1,5,3,50,8
2019-03-30,PG,PHX,vs,MEM,-5,42.73,19,29,65.52,3,6,50.0,7,8,87.5,1,2,3,11,0,0,6,3,48,1
2019-04-01,PG,PHX,vs,CLE,9,35.08,8,18,44.44,2,9,22.22,7,7,100.0,0,3,3,13,0,0,6,3,25,-6
2019-04-03,PG,PHX,vs,UTA,-21,7.53,3,4,75.0,0,1,0.0,2,2,100.0,0,0,0,1,0,0,0,1,8,9
2019-10-23,SG,PHX,vs,SAC,29,32.3,10,17,58.82,2,4,50.0,0,1,0.0,0,2,2,10,1,0,3,5,22,25
2019-10-25,SG,PHX,@,DEN,-1,41.4,6,21,28.57,1,8,12.5,5,6,83.33,0,5,5,7,0,1,3,5,18,0
2019-10-26,SG,PHX,vs,LAC,8,38.45,10,20,50.0,3,6,50.0,7,8,87.5,1,5,6,8,0,0,4,5,30,12
2019-10-28,SG,PHX,vs,UTA,-1,29.03,9,16,56.25,1,3,33.33,2,2,100.0,1,2,3,0,1,1,3,5,21,-15
2019-10-30,SG,PHX,@,GSW,11,35.92,10,21,47.62,6,10,60.0,5,5,100.0,0,4,4,5,1,0,3,2,31,20
2019-11-02,SG,PHX,@,MEM,9,31.47,8,13,61.54,3,3,100.0,2,2,100.0,0,1,1,2,0,0,5,3,21,9
2019-11-04,SG,PHX,vs,PHI,5,32.08,15,19,78.95,3,4,75.0,7,7,100.0,0,4,4,3,0,1,3,5,40,3
2019-11-07,SG,PHX,vs,MIA,-16,35.55,6,13,46.15,2,4,50.0,8,8,100.0,0,3,3,5,1,0,6,3,22,0
2019-11-10,SG,PHX,vs,BKN,26,32.4,10,14,71.43,4,5,80.0,3,3,100.0,0,2,2,9,0,0,2,0,27,40
2019-11-12,SG,PHX,vs,LAL,-8,39.2,9,18,50.0,0,2,0.0,3,3,100.0,1,2,3,9,0,1,5,5,21,-5
2019-11-14,SG,PHX,vs,ATL,16,32.07,8,16,50.0,3,7,42.86,8,8,100.0,0,2,2,7,2,0,7,3,27,3
2019-11-18,SG,PHX,vs,BOS,-14,34.08,7,13,53.85,2,4,50.0,4,4,100.0,0,1,1,4,0,0,5,4,20,-9
2019-11-19,SG,PHX,@,SAC,-4,38.75,10,20,50.0,3,6,50.0,7,8,87.5,1,4,5,8,2,0,4,5,30,-14
2019-11-21,SG,PHX,vs,NOP,-3,37.37,7,14,50.0,2,6,33.33,3,3,100.0,0,5,5,7,0,0,6,2,19,-5
2019-11-23,SG,PHX,@,MIN,2,38.45,12,26,46.15,0,5,0.0,11,11,100.0,3,9,12,9,0,1,4,1,35,-4
2019-11-24,SG,PHX,@,DEN,-12,33.15,5,13,38.46,1,7,14.29,1,1,100.0,0,1,1,5,0,0,5,1,12,-18
2019-11-27,SG,PHX,vs,WAS,-8,38.1,10,20,50.0,2,6,33.33,5,5,100.0,0,2,2,8,1,1,3,1,27,-6
2019-11-29,SG,PHX,vs,DAL,-7,37.75,6,16,37.5,1,3,33.33,5,5,100.0,2,3,5,8,1,0,3,2,18,-14
2019-12-02,SG,PHX,@,CHA,5,38.38,7,15,46.67,3,10,30.0,6,7,85.71,1,3,4,4,1,1,5,3,23,8
2019-12-04,SG,PHX,@,ORL,-14,29.98,7,16,43.75,2,5,40.0,1,2,50.0,0,3,3,5,0,0,2,2,17,-5
2019-12-05,SG,PHX,@,NOP,7,42.45,13,23,56.52,5,11,45.45,13,13,100.0,2,6,8,9,2,0,5,4,44,11
2019-12-07,SG,PHX,@,HOU,-6,37.18,11,19,57.89,2,4,50.0,11,16,68.75,1,3,4,5,1,0,1,4,35,-5
2019-12-09,SG,PHX,vs,MIN,16,36.25,11,20,55.0,3,7,42.86,1,2,50.0,1,3,4,7,0,1,3,1,26,15
2019-12-11,SG,PHX,vs,MEM,-7,39.28,6,17,35.29,0,3,0.0,3,4,75.0,1,4,5,10,1,0,1,1,15,-15
2019-12-20,SG,PHX,@,OKC,-18,27.95,6,11,54.55,0,2,0.0,6,7,85.71,1,3,4,3,1,0,4,3,18,-9
2019-12-21,SG,PHX,vs,HOU,-14,33.52,6,16,37.5,0,3,0.0,7,7,100.0,2,4,6,9,0,0,5,2,19,-14
2019-12-23,SG,PHX,vs,DEN,-2,34.35,3,12,25.0,1,6,16.67,4,4,100.0,1,2,3,6,1,0,2,5,11,-5
2019-12-27,SG,PHX,@,GSW,-9,37.6,13,24,54.17,1,6,16.67,7,8,87.5,0,3,3,4,2,0,8,3,34,-10
2019-12-28,SG,PHX,@,SAC,2,40.92,14,23,60.87,0,4,0.0,4,6,66.67,1,2,3,10,2,0,3,3,32,6
2019-12-30,SG,PHX,@,POR,6,37.93,9,19,47.37,0,0,0.0,15,15,100.0,0,6,6,7,0,0,2,4,33,3
2020-01-01,SG,PHX,@,LAL,-10,37.23,11,23,47.83,1,3,33.33,9,10,90.0,0,2,2,7,1,0,6,3,32,-13
2020-01-03,SG,PHX,vs,NYK,8,38.45,14,27,51.85,2,5,40.0,8,8,100.0,0,3,3,7,0,0,4,4,38,7
2020-01-05,SG,PHX,vs,MEM,-7,37.23,13,20,65.0,1,5,20.0,13,14,92.86,0,2,2,6,0,0,2,2,40,5
2020-01-07,SG,PHX,vs,SAC,-11,39.38,12,21,57.14,2,6,33.33,8,8,100.0,1,3,4,7,1,0,2,2,34,0
2020-01-10,SG,PHX,vs,ORL,4,36.7,7,15,46.67,4,8,50.0,6,6,100.0,0,3,3,5,3,0,3,1,24,7
2020-01-12,SG,PHX,vs,CHA,8,37.98,3,12,25.0,1,6,16.67,5,6,83.33,0,4,4,9,1,1,7,4,12,14
2020-01-14,SG,PHX,@,ATL,-13,34.12,12,23,52.17,2,4,50.0,13,13,100.0,2,5,7,3,2,0,3,4,39,-1
2020-01-16,SG,PHX,@,NYK,23,27.92,9,17,52.94,2,8,25.0,9,11,81.82,0,4,4,4,1,0,4,5,29,31
2020-01-18,SG,PHX,@,BOS,4,40.65,12,20,60.0,1,4,25.0,14,15,93.33,0,10,10,9,2,0,4,4,39,17
2020-01-20,SG,PHX,vs,SAS,-2,38.73,13,23,56.52,4,6,66.67,7,7,100.0,1,6,7,5,0,0,5,3,37,6
2020-01-22,SG,PHX,vs,IND,-25,31.18,5,12,41.67,0,3,0.0,6,6,100.0,0,2,2,3,1,0,4,2,16,-24
2020-01-24,SG,PHX,@,SAS,4,40.7,11,20,55.0,3,7,42.86,10,10,100.0,0,4,4,10,0,1,6,6,35,6
2020-01-26,SG,PHX,@,MEM,-5,39.47,11,24,45.83,5,11,45.45,9,10,90.0,0,2,2,5,0,1,4,3,36,-2
2020-01-28,SG,PHX,@,DAL,29,30.73,12,20,60.0,2,4,50.0,6,8,75.0,0,6,6,9,2,0,1,1,32,36
2020-01-31,SG,PHX,vs,OKC,-4,39.47,9,18,50.0,1,5,20.0,8,8,100.0,0,3,3,5,0,0,7,6,27,-15
2020-02-02,SG,PHX,@,MIL,-21,33.78,9,15,60.0,2,5,40.0,12,13,92.31,0,7,7,6,0,0,5,1,32,-13
2020-02-03,SG,PHX,@,BKN,-22,31.62,3,15,20.0,1,4,25.0,4,5,80.0,0,4,4,4,1,0,4,3,11,-22
2020-02-05,SG,PHX,@,DET,-8,41.83,8,16,50.0,2,6,33.33,4,5,80.0,0,4,4,7,0,0,3,3,22,-4
2020-02-07,SG,PHX,vs,HOU,36,29.55,10,18,55.56,4,8,50.0,9,9,100.0,2,7,9,3,0,1,4,1,33,26
2020-02-08,SG,PHX,vs,DEN,-9,36.77,5,16,31.25,3,8,37.5,8,8,100.0,0,3,3,9,1,0,2,3,21,1
2020-02-10,SG,PHX,@,LAL,-25,31.52,2,11,18.18,0,4,0.0,6,7,85.71,0,4,4,5,0,0,3,3,10,-9
2020-02-12,SG,PHX,vs,GSW,6,37.25,8,22,36.36,2,8,25.0,9,9,100.0,0,5,5,8,2,1,5,0,27,17
2020-02-21,SG,PHX,@,TOR,-17,34.13,8,18,44.44,1,5,20.0,4,4,100.0,0,5,5,8,0,0,0,0,21,-24
2020-02-22,SG,PHX,@,CHI,8,38.45,9,21,42.86,5,10,50.0,6,6,100.0,0,5,5,5,1,0,5,2,29,24
2020-02-24,SG,PHX,@,UTA,20,34.32,8,18,44.44,2,4,50.0,6,7,85.71,0,4,4,10,0,0,4,5,24,13
2020-02-26,SG,PHX,vs,LAC,-10,39.23,5,19,26.32,1,8,12.5,3,3,100.0,0,0,0,10,0,0,4,4,14,2
2020-02-28,SG,PHX,vs,DET,-2,39.85,10,17,58.82,1,4,25.0,5,7,71.43,0,6,6,6,2,0,6,2,26,-3
2020-02-29,SG,PHX,vs,GSW,-16,38.32,6,16,37.5,4,7,57.14,5,5,100.0,0,0,0,1,0,1,6,3,21,-22
2020-03-03,SG,PHX,vs,TOR,-9,37.42,5,14,35.71,2,8,25.0,10,12,83.33,0,4,4,10,1,0,3,5,22,-16
2020-03-06,SG,PHX,vs,POR,10,38.72,8,20,40.0,3,9,33.33,4,4,100.0,0,5,5,12,1,0,3,4,23,-3
2020-03-08,SG,PHX,vs,MIL,9,39.22,13,17,76.47,4,6,66.67,6,7,85.71,1,4,5,8,1,2,6,4,36,8
2020-03-10,SG,PHX,@,POR,-16,35.82,9,25,36.0,2,7,28.57,9,10,90.0,0,6,6,9,0,0,4,3,29,-7
2020-07-31,SG,PHX,@,WAS,13,35.9,8,21,38.1,2,7,28.57,9,9,100.0,0,5,5,4,1,0,5,4,27,24
2020-08-02,SG,PHX,vs,DAL,2,31.12,10,20,50.0,1,4,25.0,9,10,90.0,0,3,3,4,1,0,3,6,30,-8
2020-08-04,SG,PHX,@,LAC,2,37.13,13,25,52.0,6,9,66.67,3,5,60.0,0,4,4,8,0,0,2,3,35,0
2020-08-06,SG,PHX,vs,IND,15,29.3,6,12,50.0,1,5,20.0,7,7,100.0,0,3,3,10,0,0,3,5,20,12
2020-08-08,SG,PHX,@,MIA,7,35.45,15,26,57.69,0,7,0.0,5,5,100.0,0,3,3,6,1,0,1,3,35,-1
2020-08-10,SG,PHX,vs,OKC,27,29.28,9,17,52.94,3,7,42.86,14,14,100.0,0,5,5,4,0,2,4,1,35,15
2020-08-11,SG,PHX,@,PHI,13,40.87,11,24,45.83,2,4,50.0,11,12,91.67,2,7,9,7,1,0,2,0,35,14
2020-08-13,SG,PHX,vs,DAL,26,31.55,11,20,55.0,0,5,0.0,5,5,100.0,0,7,7,5,0,0,0,3,27,30
2020-12-23,SG,PHX,vs,DAL,4,34.12,8,15,53.33,2,6,33.33,4,6,66.67,0,5,5,3,2,0,8,4,22,7
2020-12-26,SG,PHX,@,SAC,-3,38.25,10,21,47.62,3,7,42.86,3,3,100.0,0,3,3,3,1,0,7,5,26,3
2020-12-27,SG,PHX,@,SAC,16,35.28,8,19,42.11,1,6,16.67,3,4,75.0,1,4,5,5,2,1,4,1,20,16
2020-12-29,SG,PHX,vs,NOP,25,25.6,3,9,33.33,2,7,28.57,0,0,0.0,0,6,6,3,2,0,2,3,8,24
2020-12-31,SG,PHX,@,UTA,11,35.3,10,17,58.82,1,2,50.0,4,7,57.14,0,3,3,7,0,1,6,3,25,-2
2021-01-01,SG,PHX,@,DEN,3,34.92,9,17,52.94,3,7,42.86,1,2,50.0,0,2,2,2,0,0,8,4,22,-13
2021-01-03,SG,PHX,vs,LAC,-5,44.67,7,13,53.85,1,3,33.33,10,12,83.33,1,4,5,8,0,0,2,2,25,14
2021-01-06,SG,PHX,vs,TOR,8,34.6,6,14,42.86,3,8,37.5,9,10,90.0,1,0,1,6,0,0,1,1,24,2
2021-01-08,SG,PHX,@,DET,-5,37.92,8,18,44.44,5,12,41.67,2,4,50.0,0,0,0,3,2,1,5,3,23,-17
2021-01-09,SG,PHX,@,IND,8,36.08,9,19,47.37,1,5,20.0,6,6,100.0,0,3,3,7,2,0,0,3,25,5
2021-01-11,SG,PHX,@,WAS,-21,32.77,11,21,52.38,1,3,33.33,10,10,100.0,0,3,3,0,1,1,1,4,33,-15
2021-01-18,SG,PHX,@,MEM,-4,35.33,5,21,23.81,2,6,33.33,0,0,0.0,0,3,3,4,2,0,3,4,12,-10
2021-01-20,SG,PHX,@,HOU,6,34.53,10,18,55.56,1,4,25.0,3,4,75.0,0,5,5,2,0,1,6,5,24,8
2021-01-22,SG,PHX,vs,DEN,-4,40.2,11,21,52.38,3,9,33.33,6,6,100.0,0,5,5,5,1,1,5,3,31,10
2021-02-01,SG,PHX,@,DAL,1,31.42,9,19,47.37,4,8,50.0,2,2,100.0,0,1,1,0,1,0,2,4,24,-1
2021-02-03,SG,PHX,@,NOP,-22,31.83,9,20,45.0,0,4,0.0,7,8,87.5,0,4,4,2,0,0,3,1,25,-14
2021-02-05,SG,PHX,vs,DET,17,30.52,8,14,57.14,3,7,42.86,4,6,66.67,0,2,2,2,2,0,4,5,23,7
2021-02-07,SG,PHX,vs,BOS,9,37.72,7,16,43.75,1,4,25.0,3,3,100.0,0,7,7,11,1,1,3,2,18,11
2021-02-08,SG,PHX,vs,CLE,6,34.63,14,27,51.85,5,9,55.56,3,4,75.0,0,5,5,8,0,0,4,4,36,8
2021-02-10,SG,PHX,vs,MIL,1,39.07,11,21,52.38,1,4,25.0,7,9,77.78,1,5,6,3,0,0,3,4,30,7
2021-02-13,SG,PHX,vs,PHI,9,33.87,14,23,60.87,3,5,60.0,5,6,83.33,0,5,5,4,0,0,2,5,36,1
2021-02-14,SG,PHX,vs,ORL,19,34.95,10,16,62.5,1,3,33.33,6,7,85.71,0,4,4,6,0,0,0,2,27,15
2021-02-16,SG,PHX,vs,BKN,-4,36.47,9,20,45.0,0,4,0.0,4,4,100.0,0,2,2,7,1,0,2,4,22,-5
2021-02-19,SG,PHX,@,NOP,18,30.78,9,18,50.0,2,5,40.0,3,3,100.0,0,4,4,2,1,0,4,4,23,2
2021-02-20,SG,PHX,@,MEM,31,26.15,7,13,53.85,5,7,71.43,4,4,100.0,1,4,5,5,0,0,4,1,23,19
2021-02-22,SG,PHX,vs,POR,32,29.05,12,17,70.59,2,2,100.0,8,8,100.0,1,3,4,4,0,0,1,0,34,28
2021-02-24,SG,PHX,vs,CHA,-3,31.05,13,24,54.17,4,10,40.0,3,4,75.0,0,0,0,3,1,0,5,5,33,-4
2021-02-26,SG,PHX,@,CHI,9,35.0,9,24,37.5,0,3,0.0,4,7,57.14,0,2,2,5,2,0,1,0,22,10
2021-02-28,SG,PHX,@,MIN,19,34.12,15,26,57.69,1,6,16.67,12,13,92.31,0,5,5,5,0,1,2,3,43,18
2021-03-02,SG,PHX,@,LAL,10,23.68,7,12,58.33,1,3,33.33,2,2,100.0,0,3,3,6,3,0,3,2,17,13
2021-03-04,SG,PHX,vs,GSW,22,29.82,6,20,30.0,1,5,20.0,3,4,75.0,0,5,5,6,1,0,2,2,16,1
2021-03-11,SG,PHX,@,POR,6,35.88,12,21,57.14,3,5,60.0,8,8,100.0,0,5,5,8,0,0,5,3,35,3
2021-03-13,SG,PHX,vs,IND,-11,36.85,9,20,45.0,1,6,16.67,1,2,50.0,2,2,4,7,0,1,6,1,20,-4
2021-03-15,SG,PHX,vs,MEM,23,30.18,10,19,52.63,3,8,37.5,4,4,100.0,0,4,4,5,0,0,2,2,27,17
2021-03-18,SG,PHX,vs,MIN,-4,34.68,13,22,59.09,3,8,37.5,6,7,85.71,0,4,4,6,0,1,5,4,35,-3
2021-03-19,SG,PHX,vs,MIN,12,35.75,6,18,33.33,1,4,25.0,3,4,75.0,1,6,7,5,2,0,5,2,16,18
2021-03-21,SG,PHX,vs,LAL,17,33.57,11,22,50.0,1,5,20.0,3,6,50.0,3,6,9,4,1,0,1,2,26,21
2021-03-23,SG,PHX,@,MIA,10,27.17,10,19,52.63,2,8,25.0,1,1,100.0,0,5,5,3,0,0,0,1,23,19
2021-03-24,SG,PHX,@,ORL,-1,32.47,9,21,42.86,1,5,20.0,6,6,100.0,1,6,7,7,3,0,2,3,25,6
2021-03-26,SG,PHX,@,TOR,4,33.7,6,14,42.86,2,5,40.0,2,2,100.0,0,6,6,2,1,0,4,2,16,-5
2021-03-28,SG,PHX,@,CHA,4,41.93,10,26,38.46,4,11,36.36,11,12,91.67,1,5,6,3,2,0,3,3,35,4
2021-03-30,SG,PHX,vs,ATL,7,32.73,8,19,42.11,2,7,28.57,3,3,100.0,0,3,3,3,0,0,2,2,21,-3
2021-03-31,SG,PHX,vs,CHI,5,35.23,17,24,70.83,2,5,40.0,9,10,90.0,1,3,4,4,1,1,5,3,45,7
2021-04-02,SG,PHX,vs,OKC,37,30.0,11,20,55.0,3,5,60.0,7,7,100.0,0,2,2,5,0,0,0,3,32,28
2021-04-05,SG,PHX,@,HOU,3,35.57,11,20,55.0,6,8,75.0,8,9,88.89,1,5,6,6,1,0,2,4,36,15
2021-04-07,SG,PHX,vs,UTA,4,43.75,13,31,41.94,0,6,0.0,9,10,90.0,0,4,4,3,1,0,6,2,35,0
2021-04-08,SG,PHX,@,LAC,-10,36.6,6,13,46.15,0,2,0.0,12,14,85.71,1,2,3,3,0,0,0,4,24,-9
2021-04-10,SG,PHX,vs,WAS,28,26.48,11,24,45.83,3,8,37.5,2,2,100.0,1,5,6,6,2,1,1,2,27,24
2021-04-12,SG,PHX,vs,HOU,6,34.15,9,18,50.0,2,5,40.0,4,4,100.0,1,6,7,7,0,1,6,3,24,8
2021-04-13,SG,PHX,vs,MIA,20,22.53,4,16,25.0,1,8,12.5,3,3,100.0,0,3,3,3,1,1,6,4,12,0
2021-04-15,SG,PHX,vs,SAC,8,31.23,8,19,42.11,3,10,30.0,4,4,100.0,1,3,4,4,0,0,2,2,23,5
2021-04-17,SG,PHX,vs,SAS,-26,26.9,6,18,33.33,0,1,0.0,3,4,75.0,0,3,3,3,2,0,1,2,15,-4
2021-04-19,SG,PHX,@,MIL,1,43.87,9,24,37.5,1,4,25.0,5,6,83.33,3,4,7,7,3,1,1,2,24,0
2021-04-21,SG,PHX,@,PHI,3,29.98,6,14,42.86,0,3,0.0,7,8,87.5,0,3,3,7,1,0,3,2,19,-4
2021-04-22,SG,PHX,@,BOS,-13,25.55,6,13,46.15,0,2,0.0,3,4,75.0,2,2,4,2,0,0,5,6,15,-14
2021-04-25,SG,PHX,@,BKN,-9,37.43,12,24,50.0,4,5,80.0,8,9,88.89,0,3,3,1,0,1,3,1,36,-3
2021-04-26,SG,PHX,@,NYK,8,40.92,14,26,53.85,1,4,25.0,4,6,66.67,0,4,4,3,0,0,4,1,33,7
2021-04-28,SG,PHX,vs,LAC,8,37.37,9,19,47.37,1,6,16.67,2,3,66.67,2,4,6,3,0,0,3,1,21,11
2021-04-30,SG,PHX,vs,UTA,21,29.18,13,19,68.42,2,5,40.0,3,3,100.0,0,3,3,2,0,0,1,3,31,20
2021-05-02,SG,PHX,@,OKC,3,36.43,11,22,50.0,1,4,25.0,9,10,90.0,0,3,3,6,2,0,4,2,32,-3
2021-05-04,SG,PHX,@,CLE,16,40.25,14,27,51.85,1,6,16.67,2,2,100.0,4,2,6,5,1,0,0,5,31,12
2021-05-05,SG,PHX,@,ATL,-32,31.43,11,20,55.0,1,2,50.0,7,8,87.5,0,3,3,5,0,0,2,1,30,-8
2021-05-07,SG,PHX,vs,NYK,23,35.03,3,12,25.0,1,4,25.0,9,9,100.0,0,4,4,3,0,0,1,2,16,11
2021-05-09,SG,PHX,@,LAL,-13,35.12,5,14,35.71,0,1,0.0,11,13,84.62,1,5,6,1,1,0,3,3,21,-22
2021-05-11,SG,PHX,@,GSW,-6,39.05,11,21,52.38,4,9,44.44,8,9,88.89,1,6,7,4,0,0,4,3,34,-5
2021-05-13,SG,PHX,vs,POR,1,35.0,5,17,29.41,0,4,0.0,8,8,100.0,1,4,5,2,0,0,4,1,18,2
2021-05-15,SG,PHX,@,SAS,37,26.45,10,18,55.56,3,8,37.5,4,4,100.0,0,2,2,4,0,0,2,1,27,32
2021-05-23,SG,PHX,vs,LAL,9,45.18,13,26,50.0,3,7,42.86,5,6,83.33,1,6,7,8,1,0,6,4,34,9
2021-05-25,SG,PHX,vs,LAL,-7,40.12,7,17,41.18,0,3,0.0,17,17,100.0,0,1,1,3,0,0,4,3,31,-16
2021-05-27,SG,PHX,@,LAL,-14,41.35,6,19,31.58,1,4,25.0,6,7,85.71,1,3,4,6,0,0,4,6,19,-7
2021-05-30,SG,PHX,@,LAL,8,39.3,5,14,35.71,1,5,20.0,6,7,85.71,2,5,7,5,1,0,5,3,17,12
2021-06-01,SG,PHX,vs,LAL,30,33.15,13,23,56.52,2,6,33.33,2,2,100.0,0,7,7,5,1,0,1,3,30,22
2021-06-03,SG,PHX,@,LAL,13,45.98,15,22,68.18,8,10,80.0,9,9,100.0,0,11,11,3,0,1,3,2,47,10
2021-06-07,SG,PHX,vs,DEN,17,38.37,8,12,66.67,1,4,25.0,4,6,66.67,0,4,4,8,1,0,5,3,21,12
2021-06-09,SG,PHX,vs,DEN,25,33.07,6,14,42.86,3,7,42.86,3,3,100.0,0,10,10,2,1,0,2,1,18,16
2021-06-11,SG,PHX,@,DEN,14,40.45,11,23,47.83,2,7,28.57,4,4,100.0,1,5,6,4,1,0,4,3,28,19
2021-06-13,SG,PHX,@,DEN,7,41.88,11,25,44.0,2,8,25.0,10,11,90.91,2,9,11,4,1,0,3,3,34,10
2021-06-20,SG,PHX,vs,LAC,6,43.93,15,29,51.72,3,7,42.86,7,7,100.0,1,12,13,11,0,0,2,3,40,6
2021-06-22,SG,PHX,vs,LAC,1,40.87,5,16,31.25,1,3,33.33,9,9,100.0,0,4,4,5,0,0,8,5,20,4
2021-06-24,SG,PHX,@,LAC,-14,40.08,5,21,23.81,1,7,14.29,4,4,100.0,1,4,5,5,1,0,4,4,15,-15
2021-06-26,SG,PHX,@,LAC,4,38.28,8,22,36.36,0,5,0.0,9,11,81.82,0,2,2,0,2,0,5,6,25,5
2021-06-28,SG,PHX,vs,LAC,-14,43.07,9,22,40.91,4,6,66.67,9,11,81.82,0,4,4,3,2,0,3,2,31,-10
2021-06-30,SG,PHX,@,LAC,27,42.07,10,26,38.46,1,7,14.29,1,1,100.0,0,7,7,4,1,1,3,2,22,23
2021-07-06,SG,PHX,vs,MIL,13,41.88,8,21,38.1,1,8,12.5,10,10,100.0,0,2,2,6,3,0,3,3,27,18
2021-07-08,SG,PHX,vs,MIL,10,44.08,12,25,48.0,7,12,58.33,0,0,0.0,2,3,5,6,0,0,3,4,31,10
2021-07-11,SG,PHX,@,MIL,-20,29.12,3,14,21.43,1,7,14.29,3,5,60.0,2,4,6,2,0,0,1,2,10,-13
2021-07-14,SG,PHX,@,MIL,-6,38.5,17,28,60.71,0,3,0.0,8,9,88.89,1,0,1,2,0,1,4,5,42,0
2021-07-17,SG,PHX,vs,MIL,-4,41.53,17,33,51.52,2,4,50.0,4,5,80.0,1,3,4,3,2,1,2,5,40,12
2021-07-20,SG,PHX,@,MIL,-7,46.25,8,22,36.36,0,7,0.0,3,3,100.0,0,3,3,5,0,0,6,4,19,-15
2021-10-20,SG,PHX,vs,DEN,-12,29.95,3,15,20.0,2,7,28.57,4,4,100.0,1,3,4,4,1,0,3,3,12,-24
2021-10-22,SG,PHX,@,LAL,10,33.57,9,19,47.37,2,6,33.33,2,2,100.0,1,4,5,4,0,0,4,3,22,8
2021-10-23,SG,PHX,@,POR,-29,28.18,9,19,47.37,2,5,40.0,1,2,50.0,1,3,4,4,2,0,0,1,21,-15
2021-10-27,SG,PHX,vs,SAC,-3,36.53,12,28,42.86,2,6,33.33,5,6,83.33,3,3,6,8,1,0,0,4,31,4
2021-10-30,SG,PHX,vs,CLE,9,35.32,9,20,45.0,0,4,0.0,9,10,90.0,1,3,4,9,0,0,4,1,27,8
2021-11-02,SG,PHX,vs,NOP,12,33.75,7,20,35.0,2,8,25.0,2,2,100.0,1,7,8,3,1,1,6,2,18,8
2021-11-04,SG,PHX,vs,HOU,12,34.13,8,18,44.44,4,8,50.0,7,8,87.5,1,8,9,5,1,1,2,3,27,10
2021-11-06,SG,PHX,vs,ATL,4,34.1,14,21,66.67,5,9,55.56,5,7,71.43,1,5,6,4,2,1,4,4,38,3
2021-11-08,SG,PHX,@,SAC,5,32.37,8,17,47.06,2,5,40.0,0,2,0.0,1,8,9,6,2,0,5,4,18,22
2021-11-10,SG,PHX,vs,POR,10,37.43,5,15,33.33,2,6,33.33,0,0,0.0,0,8,8,6,1,0,4,2,12,9
2021-11-12,SG,PHX,@,MEM,25,25.6,7,17,41.18,1,5,20.0,2,2,100.0,1,4,5,7,0,0,3,2,17,31
2021-11-14,SG,PHX,@,HOU,26,31.55,9,23,39.13,3,7,42.86,5,5,100.0,0,5,5,6,2,0,0,0,26,12
2021-11-15,SG,PHX,@,MIN,3,34.43,7,16,43.75,2,4,50.0,13,15,86.67,2,3,5,5,2,0,1,5,29,8
2021-11-17,SG,PHX,vs,DAL,7,35.0,11,21,52.38,2,4,50.0,0,1,0.0,0,9,9,0,0,0,1,1,24,8
2021-11-19,SG,PHX,vs,DAL,8,30.57,7,20,35.0,3,8,37.5,2,2,100.0,1,0,1,1,0,1,4,2,19,-7
2021-11-21,SG,PHX,vs,DEN,29,27.9,7,12,58.33,2,5,40.0,1,1,100.0,0,4,4,7,1,0,1,1,17,13
2021-11-22,SG,PHX,@,SAS,4,34.25,7,17,41.18,4,7,57.14,5,6,83.33,1,2,3,4,0,0,4,3,23,1
2021-11-24,SG,PHX,@,CLE,5,38.7,14,21,66.67,2,3,66.67,5,6,83.33,1,3,4,3,1,0,4,2,35,-2
2021-11-26,SG,PHX,@,NYK,21,35.45,14,27,51.85,4,9,44.44,0,0,0.0,0,1,1,3,1,1,3,0,32,15
2021-11-27,SG,PHX,@,BKN,6,31.77,9,18,50.0,4,6,66.67,8,8,100.0,0,1,1,4,1,0,3,5,30,7
2021-11-30,SG,PHX,vs,GSW,8,15.45,4,9,44.44,0,2,0.0,2,2,100.0,1,1,2,1,0,0,1,1,10,-5
2021-12-19,SG,PHX,vs,CHA,31,26.43,6,15,40.0,4,8,50.0,0,0,0.0,0,6,6,5,1,0,1,4,16,32
2021-12-21,SG,PHX,@,LAL,18,31.58,8,16,50.0,6,11,54.55,2,2,100.0,1,8,9,7,1,0,5,2,24,14
2021-12-23,SG,PHX,vs,OKC,12,35.13,12,23,52.17,4,7,57.14,2,2,100.0,2,5,7,7,2,1,2,3,30,19
2021-12-25,SG,PHX,vs,GSW,-9,40.35,5,19,26.32,1,5,20.0,2,2,100.0,1,2,3,3,2,0,2,3,13,-8
2021-12-27,SG,PHX,vs,MEM,-1,37.05,10,20,50.0,3,6,50.0,7,9,77.78,0,2,2,4,2,2,3,0,30,-8
2021-12-29,SG,PHX,vs,OKC,18,35.73,12,24,50.0,6,12,50.0,8,10,80.0,1,6,7,5,0,2,1,1,38,18
2021-12-31,SG,PHX,@,BOS,-15,37.52,7,26,26.92,1,5,20.0,7,7,100.0,0,6,6,4,2,0,2,2,22,-16
2022-01-02,SG,PHX,@,CHA,34,28.95,9,19,47.37,3,9,33.33,3,3,100.0,0,7,7,3,0,0,3,4,24,26
2022-01-04,SG,PHX,@,NOP,13,32.07,12,24,50.0,3,6,50.0,6,6,100.0,1,8,9,4,0,0,2,4,33,15
2022-01-06,SG,PHX,vs,LAC,17,33.47,5,22,22.73,0,7,0.0,1,2,50.0,3,7,10,4,0,0,2,2,11,-6
2022-01-08,SG,PHX,vs,MIA,-23,33.35,5,15,33.33,3,5,60.0,13,13,100.0,0,4,4,3,2,0,5,4,26,-22
2022-01-11,SG,PHX,@,TOR,4,36.13,4,13,30.77,2,7,28.57,6,8,75.0,1,4,5,3,1,0,3,6,16,-1
2022-01-14,SG,PHX,@,IND,18,35.27,11,25,44.0,6,13,46.15,7,8,87.5,2,2,4,3,0,1,2,2,35,7
2022-01-16,SG,PHX,@,DET,27,29.58,11,18,61.11,1,5,20.0,7,10,70.0,1,3,4,4,0,0,1,1,30,20
2022-01-17,SG,PHX,@,SAS,14,34.85,18,33,54.55,5,13,38.46,7,8,87.5,0,5,5,6,3,0,0,2,48,3
2022-01-20,SG,PHX,@,DAL,8,38.3,11,25,44.0,1,8,12.5,5,5,100.0,0,5,5,6,0,0,2,2,28,5
2022-01-22,SG,PHX,vs,IND,10,38.87,5,23,21.74,0,6,0.0,1,1,100.0,1,6,7,3,2,2,3,4,11,5
2022-01-24,SG,PHX,vs,UTA,6,38.13,14,35,40.0,3,13,23.08,2,3,66.67,2,5,7,3,2,2,3,4,33,-3
2022-01-26,SG,PHX,@,UTA,8,39.57,16,28,57.14,2,6,33.33,9,11,81.82,1,11,12,4,1,0,3,2,43,18
2022-01-28,SG,PHX,vs,MIN,10,37.67,10,26,38.46,4,10,40.0,5,6,83.33,0,3,3,9,1,0,1,2,29,17
2022-01-30,SG,PHX,vs,SAS,5,37.62,12,24,50.0,4,9,44.44,0,0,0.0,0,4,4,1,1,0,3,2,28,-12
2022-02-01,SG,PHX,vs,BKN,10,40.88,13,23,56.52,3,8,37.5,6,7,85.71,1,5,6,2,1,0,2,2,35,15
2022-02-03,SG,PHX,@,ATL,-9,38.43,13,27,48.15,1,8,12.5,5,7,71.43,0,0,0,3,1,0,2,4,32,-6
2022-02-05,SG,PHX,@,WAS,15,29.62,5,14,35.71,1,6,16.67,0,0,0.0,1,6,7,5,0,0,1,2,11,23
2022-02-07,SG,PHX,@,CHI,3,37.67,14,23,60.87,5,10,50.0,5,6,83.33,0,4,4,5,1,0,1,2,38,7
2022-02-08,SG,PHX,@,PHI,5,37.28,11,23,47.83,3,8,37.5,10,11,90.91,0,4,4,3,1,0,0,3,35,13
2022-02-10,SG,PHX,vs,MIL,24,34.3,6,19,31.58,2,8,25.0,3,3,100.0,1,3,4,7,1,0,2,4,17,11
2022-02-12,SG,PHX,vs,ORL,27,29.38,10,24,41.67,3,9,33.33,3,3,100.0,1,4,5,5,0,1,0,0,26,13
2022-02-15,SG,PHX,vs,LAC,7,36.47,11,19,57.89,3,6,50.0,1,2,50.0,2,1,3,4,3,1,4,3,26,9
2022-02-16,SG,PHX,vs,HOU,3,43.22,7,22,31.82,1,5,20.0,9,9,100.0,0,3,3,8,3,2,3,3,24,-1
2022-02-24,SG,PHX,@,OKC,20,38.18,9,16,56.25,1,4,25.0,6,6,100.0,0,5,5,12,6,0,4,1,25,26
2022-02-25,SG,PHX,vs,NOP,-15,36.98,10,24,41.67,2,8,25.0,8,8,100.0,0,3,3,5,1,2,4,3,30,-21
2022-02-27,SG,PHX,vs,UTA,-4,39.68,12,24,50.0,4,8,50.0,2,4,50.0,0,7,7,7,2,0,3,2,30,-6
2022-03-09,SG,PHX,@,MIA,21,33.33,7,12,58.33,4,7,57.14,5,5,100.0,1,7,8,9,2,2,2,3,23,31
2022-03-11,SG,PHX,vs,TOR,-5,36.52,9,18,50.0,3,7,42.86,1,2,50.0,0,3,3,7,1,1,3,3,22,-21
2022-03-13,SG,PHX,vs,LAL,29,31.98,12,25,48.0,4,10,40.0,2,2,100.0,0,2,2,10,4,0,2,4,30,38
2022-03-15,SG,PHX,@,NOP,16,29.95,11,20,55.0,4,9,44.44,1,1,100.0,0,5,5,8,2,0,2,2,27,9
2022-03-16,SG,PHX,@,HOU,17,36.45,15,24,62.5,5,12,41.67,1,1,100.0,0,4,4,4,0,1,3,2,36,12
2022-03-18,SG,PHX,vs,CHI,27,32.2,10,18,55.56,1,3,33.33,7,7,100.0,1,3,4,3,0,0,3,3,28,27
2022-03-20,SG,PHX,@,SAC,3,37.37,11,21,52.38,2,5,40.0,7,7,100.0,0,7,7,5,1,0,3,6,31,3
2022-03-23,SG,PHX,@,MIN,9,35.22,7,15,46.67,1,4,25.0,13,16,81.25,0,3,3,7,1,0,2,2,28,4
2022-03-24,SG,PHX,@,DEN,10,38.93,16,25,64.0,2,5,40.0,15,17,88.24,0,4,4,10,3,1,2,3,49,16
2022-03-27,SG,PHX,vs,PHI,10,34.93,13,22,59.09,3,5,60.0,6,8,75.0,1,1,2,2,0,0,3,3,35,7
2022-03-30,SG,PHX,@,GSW,4,37.43,5,21,23.81,2,8,25.0,10,12,83.33,0,5,5,2,0,0,0,4,22,3
2022-04-01,SG,PHX,@,MEM,-8,37.25,17,28,60.71,3,6,50.0,4,5,80.0,0,4,4,4,0,0,3,5,41,-5
2022-04-05,SG,PHX,vs,LAL,11,29.7,12,22,54.55,6,9,66.67,2,2,100.0,1,6,7,4,1,0,1,2,32,14
2022-04-08,SG,PHX,@,UTA,6,37.75,13,26,50.0,2,5,40.0,5,5,100.0,0,4,4,3,0,0,1,4,33,11
2022-04-17,SG,PHX,vs,NOP,11,40.62,8,19,42.11,4,8,50.0,5,6,83.33,0,4,4,8,1,0,1,2,25,7
2022-04-19,SG,PHX,vs,NOP,-11,24.78,12,19,63.16,7,11,63.64,0,0,0.0,1,1,2,1,0,0,2,3,31,-6
2022-04-28,SG,PHX,@,NOP,6,32.23,5,12,41.67,1,6,16.67,2,2,100.0,0,5,5,3,0,0,2,0,13,9
2022-05-02,SG,PHX,vs,DAL,7,38.22,7,20,35.0,1,5,20.0,8,8,100.0,3,6,9,8,0,1,1,1,23,6
2022-05-04,SG,PHX,vs,DAL,20,35.53,11,19,57.89,5,8,62.5,3,3,100.0,1,3,4,4,0,1,2,4,30,21
2022-05-06,SG,PHX,@,DAL,-9,40.03,6,13,46.15,4,6,66.67,2,4,50.0,0,2,2,6,0,0,5,1,18,-12
2022-05-08,SG,PHX,@,DAL,-10,43.32,10,22,45.45,3,6,50.0,12,13,92.31,1,3,4,7,0,1,5,4,35,-12
2022-05-10,SG,PHX,vs,DAL,30,35.2,11,20,55.0,3,7,42.86,3,4,75.0,1,6,7,2,2,0,2,3,28,25
2022-05-12,SG,PHX,@,DAL,-27,39.0,6,17,35.29,0,4,0.0,7,7,100.0,2,6,8,3,1,1,8,4,19,-19
2022-05-15,SG,PHX,vs,DAL,-33,36.98,3,14,21.43,0,4,0.0,5,6,83.33,1,2,3,2,1,0,4,3,11,-41
2022-10-19,SG,PHX,vs,DAL,2,40.62,10,20,50.0,1,1,100.0,7,7,100.0,1,3,4,9,0,1,2,3,28,20
2022-10-21,SG,PHX,@,POR,-2,43.92,11,23,47.83,3,7,42.86,8,9,88.89,0,5,5,3,1,0,2,1,33,-2
2022-10-23,SG,PHX,@,LAC,17,34.82,13,21,61.9,5,9,55.56,4,4,100.0,1,0,1,4,1,0,3,1,35,13
2022-10-25,SG,PHX,vs,GSW,29,35.32,10,19,52.63,3,8,37.5,11,14,78.57,1,1,2,7,3,0,3,3,34,32
2022-10-28,SG,PHX,vs,NOP,13,32.6,6,14,42.86,0,4,0.0,4,4,100.0,0,5,5,4,0,0,5,1,16,4
2022-10-30,SG,PHX,vs,HOU,15,35.38,14,24,58.33,1,7,14.29,1,3,33.33,1,2,3,6,1,0,1,2,30,11
2022-11-01,SG,PHX,vs,MIN,9,30.43,6,18,33.33,2,7,28.57,4,5,80.0,1,6,7,5,0,1,2,5,18,11
2022-11-04,SG,PHX,vs,POR,-2,38.37,8,21,38.1,3,7,42.86,6,6,100.0,0,5,5,5,1,1,5,3,25,3
2022-11-05,SG,PHX,vs,POR,20,29.17,9,20,45.0,2,7,28.57,4,4,100.0,1,2,3,3,1,2,1,2,24,19
2022-11-07,SG,PHX,@,PHI,-12,43.4,8,16,50.0,1,1,100.0,11,14,78.57,2,5,7,5,1,0,6,2,28,-9
2022-11-09,SG,PHX,@,MIN,12,38.17,12,23,52.17,5,7,71.43,3,3,100.0,0,4,4,10,2,0,1,2,32,26
2022-11-11,SG,PHX,@,ORL,-17,34.47,6,19,31.58,2,8,25.0,3,3,100.0,3,5,8,6,1,0,2,2,17,-27
2022-11-14,SG,PHX,@,MIA,-1,41.57,11,22,50.0,2,7,28.57,1,2,50.0,2,6,8,5,3,1,2,5,25,-7
2022-11-16,SG,PHX,vs,GSW,11,36.63,8,17,47.06,2,5,40.0,9,9,100.0,0,2,2,9,0,3,3,2,27,6
2022-11-18,SG,PHX,@,UTA,-1,41.28,16,31,51.61,2,9,22.22,15,15,100.0,1,7,8,10,1,0,1,3,49,-4
2022-11-20,SG,PHX,vs,NYK,21,29.52,7,17,41.18,5,8,62.5,1,1,100.0,1,4,5,3,0,0,0,0,20,13
2022-11-22,SG,PHX,vs,LAL,10,35.45,10,24,41.67,2,6,33.33,3,3,100.0,1,3,4,5,0,0,4,6,25,4
2022-11-25,SG,PHX,vs,DET,6,35.7,8,17,47.06,2,7,28.57,3,7,42.86,0,7,7,5,1,1,2,2,21,10
2022-11-26,SG,PHX,vs,UTA,1,39.35,8,27,29.63,1,7,14.29,10,11,90.91,4,7,11,7,0,0,2,3,27,-4
2022-11-28,SG,PHX,@,SAC,5,40.65,17,28,60.71,1,6,16.67,9,9,100.0,0,8,8,4,6,0,6,4,44,14
2022-11-30,SG,PHX,vs,CHI,19,30.67,20,25,80.0,6,7,85.71,5,6,83.33,0,4,4,6,1,0,2,3,51,23
2022-12-02,SG,PHX,vs,HOU,-1,33.87,15,25,60.0,4,6,66.67,7,10,70.0,0,4,4,8,0,0,3,3,41,8
2022-12-04,SG,PHX,@,SAS,38,27.8,7,16,43.75,1,3,33.33,5,5,100.0,0,0,0,8,0,0,2,2,20,26
2022-12-05,SG,PHX,@,DAL,-19,30.33,4,13,30.77,1,2,50.0,2,2,100.0,0,2,2,5,0,0,1,4,11,-18
2022-12-07,SG,PHX,vs,BOS,-27,24.62,6,17,35.29,1,6,16.67,4,4,100.0,1,4,5,3,0,1,2,5,17,-40
2022-12-09,SG,PHX,@,NOP,-11,36.0,5,17,29.41,2,8,25.0,2,4,50.0,0,2,2,7,1,0,3,4,14,-18
2022-12-15,SG,PHX,@,LAC,16,34.88,6,22,27.27,1,9,11.11,1,1,100.0,1,3,4,4,1,0,2,1,14,4
2022-12-17,SG,PHX,vs,NOP,4,42.45,21,35,60.0,6,12,50.0,10,15,66.67,1,5,6,5,0,0,2,3,58,11
2022-12-25,SG,PHX,@,DEN,-3,4.33,1,2,50.0,0,0,0.0,0,0,0.0,0,0,0,0,0,0,0,0,2,-9
2023-02-07,SG,PHX,@,BKN,4,25.58,6,15,40.0,2,8,25.0,5,7,71.43,0,4,4,6,0,0,2,5,19,-3
2023-02-10,SG,PHX,@,IND,13,26.23,7,18,38.89,3,9,33.33,4,4,100.0,0,4,4,5,1,0,4,4,21,11
2023-02-14,SG,PHX,vs,SAC,11,29.23,13,20,65.0,0,0,0.0,6,7,85.71,1,4,5,2,2,0,1,4,32,22
2023-02-16,SG,PHX,vs,LAC,-9,34.68,6,16,37.5,1,6,16.67,6,7,85.71,0,3,3,9,0,1,5,5,19,-3
2023-02-24,SG,PHX,vs,OKC,9,36.0,9,21,42.86,1,7,14.29,6,6,100.0,2,4,6,8,0,0,3,1,25,-6
2023-02-26,SG,PHX,@,MIL,-3,38.3,9,21,42.86,1,5,20.0,5,9,55.56,1,3,4,8,0,0,4,2,24,-1
2023-03-01,SG,PHX,@,CHA,14,33.17,15,26,57.69,3,7,42.86,4,6,66.67,2,4,6,7,0,2,1,1,37,9
2023-03-03,SG,PHX,@,CHI,21,35.85,12,24,50.0,6,10,60.0,5,6,83.33,2,3,5,6,1,1,0,3,35,23
2023-03-05,SG,PHX,@,DAL,4,39.95,15,25,60.0,1,3,33.33,5,6,83.33,2,3,5,10,1,0,1,4,36,17
2023-03-08,SG,PHX,vs,OKC,31,27.52,17,23,73.91,6,10,60.0,4,5,80.0,0,3,3,4,0,1,3,4,44,33
2023-03-11,SG,PHX,vs,SAC,-9,38.5,11,19,57.89,2,6,33.33,4,4,100.0,1,2,3,8,4,0,4,5,28,-5
2023-03-13,SG,PHX,@,GSW,-11,35.25,12,20,60.0,0,2,0.0,8,10,80.0,2,2,4,1,2,0,2,4,32,-14
2023-03-14,SG,PHX,vs,MIL,-12,43.13,13,27,48.15,1,3,33.33,3,3,100.0,1,3,4,3,2,0,5,4,30,-7
2023-03-16,SG,PHX,vs,ORL,3,36.32,7,17,41.18,2,5,40.0,3,3,100.0,2,3,5,2,0,0,4,3,19,6
2023-03-19,SG,PHX,@,OKC,-4,36.37,18,28,64.29,3,7,42.86,7,8,87.5,0,3,3,1,1,0,3,5,46,-5
2023-03-22,SG,PHX,@,LAL,-11,40.55,11,16,68.75,1,3,33.33,10,12,83.33,0,6,6,5,0,0,7,4,33,0
2023-03-24,SG,PHX,@,SAC,-8,33.17,10,16,62.5,0,1,0.0,12,14,85.71,1,7,8,5,0,0,2,4,32,-13
2023-03-25,SG,PHX,vs,PHI,20,31.65,9,18,50.0,2,4,50.0,9,9,100.0,0,3,3,5,0,1,4,2,29,8
2023-03-27,SG,PHX,@,UTA,14,33.52,7,19,36.84,2,6,33.33,8,8,100.0,4,3,7,5,2,1,4,3,24,10
2023-03-29,SG,PHX,vs,MIN,7,36.35,8,18,44.44,1,4,25.0,12,15,80.0,1,2,3,5,4,0,3,4,29,12
2023-03-31,SG,PHX,vs,DEN,7,35.07,9,20,45.0,2,9,22.22,7,8,87.5,0,2,2,6,1,0,4,2,27,13
2023-04-02,SG,PHX,@,OKC,10,36.95,8,14,57.14,1,5,20.0,5,5,100.0,1,4,5,10,1,0,5,4,22,5
2023-04-04,SG,PHX,vs,SAS,21,32.88,9,21,42.86,2,10,20.0,7,8,87.5,0,7,7,3,3,0,2,2,27,5
2023-04-06,SG,PHX,vs,DEN,4,37.47,3,12,25.0,1,5,20.0,8,8,100.0,0,1,1,8,0,0,2,3,15,10
2023-04-16,SG,PHX,vs,LAC,-5,43.33,10,19,52.63,0,3,0.0,6,8,75.0,1,0,1,3,4,3,5,3,26,-6
2023-04-18,SG,PHX,vs,LAC,14,44.8,14,22,63.64,4,7,57.14,6,6,100.0,0,1,1,9,1,0,3,4,38,15
2023-04-20,SG,PHX,@,LAC,5,44.52,18,29,62.07,3,7,42.86,6,7,85.71,1,5,6,3,3,2,0,2,45,3
2023-04-22,SG,PHX,@,LAC,12,41.45,10,21,47.62,3,6,50.0,7,8,87.5,3,6,9,7,3,0,4,1,30,5
2023-04-25,SG,PHX,vs,LAC,6,41.65,19,27,70.37,4,7,57.14,5,6,83.33,2,6,8,10,2,0,3,4,47,11
2023-04-29,SG,PHX,@,DEN,-18,40.1,10,19,52.63,0,1,0.0,7,8,87.5,2,2,4,8,1,2,3,1,27,-18
2023-05-01,SG,PHX,@,DEN,-10,44.67,14,29,48.28,4,8,50.0,3,3,100.0,0,5,5,6,0,0,2,4,35,-7
2023-05-05,SG,PHX,vs,DEN,7,41.62,20,25,80.0,5,8,62.5,2,2,100.0,0,6,6,9,3,1,3,5,47,7
2023-05-07,SG,PHX,vs,DEN,5,40.48,14,18,77.78,3,4,75.0,5,6,83.33,3,3,6,12,1,0,5,5,36,-1
2023-05-09,SG,PHX,@,DEN,-16,40.52,8,19,42.11,4,7,57.14,8,9,88.89,0,6,6,4,0,0,2,4,28,-19
2023-05-11,SG,PHX,vs,DEN,-25,35.53,4,13,30.77,1,3,33.33,3,4,75.0,0,1,1,8,1,1,2,4,12,-27
2023-10-24,SG,PHX,@,GSW,4,36.97,13,21,61.9,3,8,37.5,3,3,100.0,1,5,6,8,1,0,6,4,32,5
2023-11-02,SG,PHX,vs,SAS,-11,35.23,10,19,52.63,5,7,71.43,6,6,100.0,1,8,9,13,0,0,5,4,31,-2
2023-11-15,SG,PHX,vs,MIN,18,25.83,12,22,54.55,2,7,28.57,5,5,100.0,1,3,4,5,0,0,2,2,31,0
2023-11-17,SG,PHX,@,UTA,3,31.87,7,15,46.67,2,3,66.67,8,10,80.0,0,4,4,15,0,0,1,3,24,9
2023-11-19,SG,PHX,@,UTA,3,40.1,8,21,38.1,2,7,28.57,8,8,100.0,1,4,5,8,0,1,3,5,26,2
2023-11-21,SG,PHX,vs,POR,13,33.43,9,20,45.0,0,3,0.0,10,10,100.0,0,3,3,6,1,1,1,1,28,18
2023-11-22,SG,PHX,vs,GSW,8,31.48,5,15,33.33,2,3,66.67,13,14,92.86,3,5,8,10,1,0,3,2,25,23
2023-11-24,SG,PHX,@,MEM,21,33.37,15,21,71.43,3,4,75.0,7,9,77.78,1,4,5,4,4,1,5,3,40,28
2023-11-26,SG,PHX,@,NYK,3,37.83,10,25,40.0,1,4,25.0,7,8,87.5,2,3,5,11,0,2,2,3,28,15
2023-11-29,SG,PHX,@,TOR,-7,32.5,2,12,16.67,0,4,0.0,4,4,100.0,0,5,5,5,0,0,2,3,8,-15
2023-12-02,SG,PHX,vs,MEM,7,37.13,9,21,42.86,3,8,37.5,13,13,100.0,1,9,10,7,1,0,2,2,34,9
2023-12-05,SG,PHX,@,LAL,-3,37.07,6,16,37.5,1,1,100.0,8,8,100.0,2,9,11,6,1,1,7,5,21,2
2023-12-08,SG,PHX,vs,SAC,-8,37.53,10,14,71.43,2,2,100.0,6,9,66.67,0,7,7,7,1,0,3,4,28,-6
2023-12-12,SG,PHX,vs,GSW,3,36.42,12,23,52.17,3,6,50.0,5,5,100.0,1,3,4,7,1,1,2,5,32,15
2023-12-13,SG,PHX,vs,BKN,-4,40.47,9,15,60.0,2,6,33.33,14,15,93.33,1,5,6,12,0,0,2,5,34,16
2023-12-15,SG,PHX,vs,NYK,-17,36.63,11,26,42.31,1,5,20.0,5,6,83.33,1,1,2,9,0,0,3,4,28,-18
2023-12-17,SG,PHX,vs,WAS,4,41.4,10,24,41.67,3,11,27.27,4,5,80.0,0,4,4,8,1,1,5,4,27,2
2023-12-19,SG,PHX,@,POR,-5,37.82,11,25,44.0,1,5,20.0,3,4,75.0,0,3,3,7,0,0,1,3,26,-9
2023-12-22,SG,PHX,@,SAC,-15,36.47,9,20,45.0,0,3,0.0,6,9,66.67,2,2,4,7,0,0,0,1,24,-24
2023-12-25,SG,PHX,vs,DAL,-14,40.42,6,14,42.86,1,4,25.0,7,10,70.0,0,3,3,10,1,1,3,5,20,-18
2023-12-27,SG,PHX,@,HOU,16,35.78,9,19,47.37,1,6,16.67,1,1,100.0,1,3,4,7,2,0,4,2,20,13
2023-12-29,SG,PHX,vs,CHA,14,36.67,10,18,55.56,5,7,71.43,10,10,100.0,0,4,4,7,0,1,2,4,35,11
2023-12-31,SG,PHX,vs,ORL,5,36.73,7,17,41.18,3,8,37.5,4,5,80.0,0,4,4,5,3,0,1,3,21,13
2024-01-01,SG,PHX,vs,POR,21,30.95,4,16,25.0,1,4,25.0,1,2,50.0,3,5,8,6,1,0,2,2,10,12
2024-01-03,SG,PHX,vs,LAC,-9,37.1,11,15,73.33,5,8,62.5,8,9,88.89,0,2,2,6,0,0,6,4,35,-12
